ClientID,Age,Gender,Annual_Income_k$,Spending_Score,Visit_Frequency_per_Month,Time_Spent_per_Visit_min,Online_Shopping_Ratio,Loyalty_Program,Days_Since_Last_Visit
1,56,Female,74,97,28,75,0.8254398957486287,Yes,10
2,69,Male,119,96,24,7,0.14660830036000316,Yes,133
3,46,Female,89,48,17,62,0.15966634936715074,Yes,122
4,32,Female,63,70,16,36,0.7900832499714378,No,34
5,60,Male,134,59,16,35,0.6162907483541447,Yes,32
6,25,Female,140,59,14,86,0.04486055762771701,No,17
7,38,Female,143,2,7,47,0.6225469904622817,Yes,164
8,56,Male,34,29,21,139,0.30891772284376606,No,12
9,36,Male,126,68,11,109,0.36872515547084594,No,89
10,40,Male,145,65,24,5,0.7697314182968802,Yes,109
11,28,Female,34,83,1,65,0.8109351926726106,Yes,191
12,28,Female,88,26,11,18,0.40035662683983064,Yes,0
13,41,Female,77,89,23,10,0.9471529360063548,Yes,62
14,53,Male,21,10,21,107,0.40646271795207223,Yes,33
15,57,Male,41,53,4,14,0.7718360352301099,No,102
16,41,Female,137,79,7,75,0.48387726456425906,Yes,9
17,20,Female,105,59,26,94,0.897532326522084,Yes,127
18,39,Male,101,22,15,162,0.9077612436501786,No,6
19,19,Male,40,51,18,153,0.08741680787108386,Yes,55
20,41,Male,87,48,12,130,0.9364933313102257,No,79
21,61,Male,29,21,17,101,0.8255348415204157,Yes,164
22,47,Female,69,22,1,78,0.7913107143126669,No,156
23,55,Male,143,98,11,119,0.20091133968552244,Yes,11
24,19,Female,102,30,28,174,0.8051192087546649,No,144
25,38,Female,52,25,1,55,0.8501327346850368,No,47
26,50,Female,139,28,15,60,0.28915033445415095,Yes,25
27,29,Male,69,65,28,45,0.9522600783623237,Yes,111
28,39,Male,40,45,21,36,0.04986014639916425,Yes,121
29,61,Male,14,68,10,19,0.14990925324713966,No,11
30,42,Male,19,7,7,66,0.5375811380515143,No,148
31,66,Female,98,49,2,159,0.5757924711223097,No,41
32,44,Male,139,9,10,32,0.6451500833009034,Yes,60
33,59,Male,135,36,24,68,0.016969129315466458,Yes,57
34,45,Female,20,83,4,134,0.9603667746221303,No,181
35,33,Male,65,1,12,131,0.04458809273414399,Yes,33
36,32,Female,92,10,19,40,0.14306195272340239,No,6
37,64,Female,146,36,26,118,0.01401451752605698,Yes,108
38,68,Female,108,73,11,17,0.5668584332940947,Yes,34
39,61,Female,82,46,8,19,0.9322668839209722,No,14
40,69,Female,124,32,18,93,0.6659471660804642,Yes,192
41,20,Female,16,32,11,26,0.8226574684804273,Yes,24
42,54,Female,89,6,11,78,0.013281203458580082,Yes,58
43,68,Female,106,48,13,29,0.5420152984797261,Yes,78
44,24,Male,13,38,3,105,0.4595629775055219,Yes,85
45,38,Male,13,17,12,175,0.49896794422079305,No,133
46,26,Male,112,74,3,121,0.07221318533518795,Yes,179
47,56,Male,49,27,10,170,0.6844353610693075,No,87
48,35,Female,26,54,27,45,0.5032204148586344,Yes,148
49,21,Male,110,50,17,177,0.765148849861264,Yes,70
50,42,Female,112,35,22,92,0.48529063406171535,No,120
51,31,Male,133,85,2,172,0.14938163622643208,No,92
52,67,Male,61,25,17,114,0.648256954077822,Yes,95
53,26,Male,61,28,16,124,0.17238636210516622,Yes,31
54,43,Female,133,15,2,101,0.8723945633548149,No,52
55,19,Male,72,4,28,149,0.6131162390692415,No,58
56,37,Female,125,93,22,61,0.15720388355695425,No,68
57,45,Female,71,73,20,134,0.9623380574812068,No,189
58,64,Male,16,27,6,100,0.5183654633353206,Yes,131
59,24,Male,101,26,28,125,0.072898451871655,Yes,85
60,61,Male,23,19,25,66,0.6268329044150672,Yes,17
61,25,Female,95,92,29,141,0.2531989070128102,Yes,80
62,64,Male,142,17,10,72,0.8036934518773025,Yes,113
63,52,Female,139,43,28,85,0.8178220735661906,No,183
64,31,Female,71,41,10,21,0.9789473558546619,No,23
65,34,Male,88,42,8,121,0.5018695310245037,No,65
66,53,Male,147,50,1,54,0.45495687972773713,Yes,140
67,67,Female,67,84,13,116,0.7534756054464806,No,61
68,57,Female,129,40,24,98,0.13247065634192656,Yes,53
69,21,Female,142,39,9,172,0.5469155137931242,Yes,142
70,19,Male,74,23,22,89,0.5462476001308509,Yes,196
71,23,Female,22,96,10,153,0.08947312281038722,No,130
72,59,Male,91,52,15,150,0.41798408550691357,Yes,36
73,21,Female,148,47,5,161,0.853284798567202,Yes,36
74,46,Female,61,63,22,156,0.8561536219946603,No,130
75,35,Male,126,97,16,78,0.099237664919681,Yes,190
76,43,Female,35,69,13,113,0.09072088274783086,No,34
77,61,Male,43,43,22,149,0.2626954770019353,Yes,179
78,51,Male,61,48,25,22,0.8747660625539935,No,123
79,27,Female,121,34,20,46,0.12890258507349894,Yes,155
80,53,Male,91,40,18,105,0.7199968026274463,Yes,17
81,31,Male,51,75,11,49,0.10116561961310322,No,121
82,48,Female,30,61,27,86,0.6231378537478254,Yes,163
83,65,Male,51,50,9,21,0.3560672991191448,No,160
84,32,Male,122,67,16,77,0.788913962965867,Yes,191
85,25,Male,114,62,2,18,0.2336904488253636,No,153
86,31,Female,26,58,26,161,0.6392018293899598,Yes,47
87,40,Male,129,33,25,136,0.23568253457588495,Yes,167
88,57,Female,146,75,2,86,0.7136602831121538,Yes,16
89,38,Female,138,16,12,152,0.8736780345607488,No,167
90,33,Male,139,82,8,124,0.12680179912676004,No,134
91,62,Male,69,94,9,124,0.8665956885955035,No,56
92,35,Male,57,48,12,51,0.5935752544142979,No,7
93,64,Female,38,10,26,111,0.12711049086702397,No,127
94,41,Male,106,82,9,112,0.427541855359712,Yes,116
95,43,Male,19,38,10,13,0.1608602934850979,Yes,55
96,42,Male,67,19,25,83,0.7003478888665695,Yes,125
97,62,Male,30,36,2,159,0.7588681344179496,Yes,158
98,58,Male,37,59,16,19,0.10579652027279896,Yes,58
99,46,Female,43,63,20,23,0.5061398526946443,No,57
100,32,Female,17,77,7,94,0.8146250560259172,Yes,139
101,62,Male,88,46,28,30,0.9361630415509965,No,175
102,18,Male,96,3,2,158,0.51351786674177,Yes,158
103,42,Male,97,74,1,158,0.950279223611407,No,107
104,24,Male,78,65,19,178,0.5356889704560298,No,190
105,26,Female,96,91,28,96,0.39419049459990796,No,73
106,41,Male,110,8,4,86,0.8482031285528955,Yes,166
107,18,Female,17,51,24,135,0.49298271045808906,Yes,147
108,61,Female,86,81,22,46,0.47190251056452304,Yes,100
109,25,Male,96,73,27,23,0.4903124894098283,Yes,47
110,41,Female,52,6,2,21,0.8467850018697454,No,70
111,28,Female,138,89,25,165,0.8319415416880521,No,115
112,68,Female,118,39,14,80,0.4035199924402112,No,181
113,34,Female,26,60,2,67,0.333299859870525,No,121
114,25,Male,142,28,29,135,0.4919280240391293,Yes,77
115,52,Male,30,97,15,111,0.572772509737109,No,198
116,52,Female,67,54,12,53,0.23833721062799695,Yes,28
117,50,Male,119,37,5,59,0.7939550847155906,No,92
118,22,Male,148,9,28,158,0.4864827657324229,No,72
119,59,Male,144,82,20,103,0.3340455484199596,No,99
120,56,Male,37,56,29,56,0.10682099296399061,Yes,175
121,58,Male,60,59,7,104,0.23884516040360693,Yes,73
122,45,Female,14,85,24,121,0.9492811717559837,No,183
123,24,Male,14,2,21,122,0.3050996868195266,No,94
124,26,Male,103,61,10,11,0.16885928936703531,No,16
125,25,Male,105,58,14,50,0.4606727916549932,Yes,136
126,29,Male,17,60,14,50,0.3070877433602487,Yes,96
127,51,Female,73,40,5,104,0.035159250271194153,Yes,161
128,50,Female,147,36,18,148,0.32314521727941725,No,172
129,65,Female,47,37,24,156,0.5441086239394686,Yes,8
130,40,Female,120,79,14,58,0.5517123720199669,No,134
131,41,Male,121,92,2,66,0.3565589211768887,Yes,143
132,54,Female,90,18,26,133,0.44730275625260063,No,18
133,52,Male,145,98,12,53,0.9655179182347664,No,133
134,61,Male,113,63,22,29,0.3773484772303116,Yes,113
135,57,Male,82,22,24,14,0.258226813259983,No,138
136,39,Male,58,11,6,122,0.24346704406676012,No,124
137,44,Male,45,58,4,148,0.45776461270413416,No,60
138,52,Female,135,57,13,161,0.7595201487169441,Yes,41
139,18,Female,77,77,4,96,0.2059881841884732,No,12
140,52,Female,87,4,22,138,0.7092961271407681,Yes,139
141,54,Female,114,86,14,148,0.021149823349416286,Yes,84
142,64,Male,131,7,16,152,0.418932977983946,No,19
143,31,Female,128,61,29,84,0.7758650652027869,Yes,49
144,20,Male,123,54,4,75,0.3387329557744314,No,163
145,18,Female,19,88,24,82,0.5637371014453995,Yes,91
146,22,Male,149,68,25,47,0.2049792328259108,No,87
147,43,Male,100,92,1,158,0.7419953911261723,Yes,68
148,31,Female,11,79,13,94,0.05227910326875962,No,36
149,56,Male,127,1,4,82,0.8525426448755004,No,139
150,44,Male,22,55,20,165,0.19819638642166815,No,98
151,26,Female,104,3,18,30,0.8743980317083307,No,124
152,32,Male,41,78,6,125,0.3525292413005173,Yes,167
153,32,Female,41,38,3,49,0.7226835744744866,Yes,53
154,43,Female,133,1,23,67,0.31922529778618847,No,129
155,59,Female,20,38,13,72,0.9059116712346476,Yes,177
156,30,Male,19,85,27,158,0.12663712551837436,No,40
157,68,Male,24,29,16,6,0.1785197892725987,No,44
158,49,Male,26,5,27,146,0.4930301251588023,Yes,102
159,56,Female,68,74,5,112,0.08193843903814613,Yes,105
160,66,Male,87,92,4,34,0.19598018470176193,No,136
161,69,Female,133,21,21,53,0.9437663822120144,Yes,189
162,49,Female,123,71,8,144,0.9764896611478872,No,127
163,21,Male,31,67,19,48,0.37625932933042194,Yes,85
164,47,Female,41,47,14,165,0.9232860210139356,Yes,46
165,54,Male,122,84,7,17,0.5448246756734317,Yes,4
166,40,Male,129,83,14,82,0.26974246587376705,Yes,0
167,56,Male,131,35,6,130,0.7023987210805986,Yes,43
168,62,Male,41,68,12,102,0.6589018065748572,No,149
169,32,Male,128,69,16,30,0.9891253191087334,Yes,37
170,60,Female,48,1,17,153,0.2650472874092833,Yes,18
171,46,Female,21,68,13,160,0.6720595026617354,No,158
172,53,Female,27,12,23,52,0.052023755029446894,No,114
173,30,Male,135,60,14,172,0.11364603869671941,No,194
174,49,Male,145,27,29,70,0.003918374951093262,Yes,86
175,24,Male,55,56,7,91,0.9994606810596731,Yes,169
176,68,Female,113,23,14,83,0.8022736971474778,No,122
177,39,Male,144,25,15,27,0.7867230147335408,No,81
178,45,Female,95,21,12,85,0.5097260752881797,No,153
179,19,Female,98,61,17,52,0.30006708290543993,No,140
180,59,Male,31,63,9,128,0.15126428446267592,Yes,57
181,62,Male,101,52,22,134,0.28467473884646366,Yes,145
182,23,Female,38,88,15,88,0.3759712219291391,Yes,66
183,45,Male,22,25,12,24,0.756310096980294,Yes,121
184,45,Female,11,55,2,50,0.5396617889031524,Yes,86
185,61,Male,38,46,5,135,0.07748362655548269,No,130
186,61,Male,36,32,13,16,0.01802900895891224,Yes,54
187,37,Female,59,55,27,44,0.10233217953406315,No,88
188,47,Male,104,96,20,70,0.41049871369737934,No,57
189,28,Female,97,5,23,104,0.9331929170490183,No,62
190,45,Male,53,36,8,82,0.6374024812092216,Yes,90
191,42,Female,31,49,27,20,0.8018258998755151,No,51
192,56,Female,106,58,14,87,0.46637459450454855,Yes,125
193,50,Male,12,39,15,166,0.3616660831950428,No,23
194,18,Female,127,80,11,48,0.10840037271662273,Yes,71
195,44,Male,28,97,1,138,0.875933022186205,No,8
196,69,Male,32,85,21,104,0.7831600290279028,Yes,109
197,30,Male,39,61,3,26,0.1681180975977251,No,164
198,58,Female,48,9,17,22,0.5122605638762605,No,93
199,20,Female,117,6,28,16,0.4873748079212449,No,116
200,56,Male,120,35,19,127,0.6250915526865286,No,82
201,23,Male,34,39,14,121,0.9461868939912612,Yes,180
202,25,Female,137,22,22,55,0.5797714417624796,Yes,79
203,44,Male,120,41,23,75,0.5402172667786186,Yes,151
204,26,Male,145,5,8,52,0.050322932934663944,No,148
205,54,Female,115,42,13,23,0.06290747601802393,No,99
206,50,Male,81,87,27,10,0.1873467913267889,No,39
207,68,Female,138,81,20,88,0.03247077169174828,No,102
208,59,Male,117,76,3,159,0.7433528955700124,No,61
209,61,Female,14,87,5,57,0.7233303039939631,No,197
210,41,Male,12,80,9,111,0.13605623443164294,Yes,68
211,32,Male,141,67,29,105,0.8360789007952809,Yes,141
212,49,Female,113,30,6,52,0.15478603484611198,Yes,108
213,49,Male,73,57,25,139,0.3011755869973588,Yes,169
214,41,Female,115,86,22,73,0.248976899161365,Yes,177
215,58,Male,107,73,2,15,0.3723070985730478,Yes,188
216,69,Female,19,29,13,147,0.25466376588996187,Yes,3
217,66,Female,137,37,5,135,0.48895092643845206,Yes,71
218,66,Female,55,87,28,126,0.4074078813546854,No,16
219,69,Female,75,13,27,73,0.9865694907793265,No,113
220,29,Male,121,32,25,27,0.055926350128225666,No,84
221,56,Male,22,46,8,41,0.14218137638735162,No,56
222,19,Female,146,23,23,13,0.052825893908602484,No,106
223,20,Female,95,45,1,19,0.6258411949823758,No,47
224,66,Female,99,17,20,135,0.05450927741371958,No,171
225,54,Male,67,85,12,97,0.8364397373761233,Yes,172
226,66,Male,63,66,23,21,0.5119386306819278,Yes,116
227,34,Male,21,6,11,158,0.5270076245815337,No,160
228,66,Male,23,18,7,153,0.5615945077121942,Yes,30
229,19,Female,130,94,15,76,0.17081370630621073,Yes,111
230,19,Female,130,22,22,153,0.19769030311448754,Yes,46
231,45,Female,29,33,24,125,0.3188173228730047,Yes,133
232,40,Male,84,30,11,15,0.5934964158218514,Yes,107
233,54,Male,79,81,29,170,0.21011777594021452,No,71
234,49,Male,65,32,22,76,0.11633172713326123,Yes,70
235,50,Female,110,42,26,110,0.9701168864184322,No,161
236,18,Female,141,78,16,129,0.021981814809622913,No,107
237,36,Male,120,10,3,39,0.8026974053360216,No,52
238,19,Female,134,36,20,123,0.7880351495750221,Yes,141
239,61,Male,141,34,14,18,0.297214113845096,No,15
240,43,Male,29,73,3,18,0.1356266160073134,No,170
241,49,Female,147,28,1,14,0.14562864670542341,No,115
242,23,Male,33,11,26,144,0.6974316172371925,No,72
243,49,Female,46,78,21,42,0.6428065910861737,Yes,73
244,21,Male,63,39,15,112,0.7827456742513867,No,80
245,28,Female,112,47,1,123,0.9374811723991047,No,11
246,34,Female,47,19,17,38,0.691927363266592,No,127
247,55,Female,13,15,2,173,0.15585153655144346,No,69
248,41,Male,66,28,29,14,0.24344261676541068,Yes,146
249,22,Male,29,24,20,126,0.8421937308731146,No,40
250,69,Female,26,72,6,149,0.20930607583420857,No,180
251,51,Female,128,9,8,149,0.07252231695448141,No,156
252,23,Male,80,47,29,119,0.7032800540422505,No,197
253,39,Male,13,33,16,5,0.40252635549014204,No,58
254,28,Male,23,62,19,16,0.9200400525459036,No,88
255,65,Female,12,97,1,107,0.6502550710936615,Yes,191
256,33,Male,89,19,3,8,0.09041897779166075,No,23
257,50,Male,64,67,28,174,0.9478565672536607,Yes,143
258,26,Female,141,74,3,145,0.2585572636402459,Yes,179
259,23,Male,129,40,5,102,0.33721249040628576,No,79
260,33,Male,33,47,27,110,0.40226041368354204,Yes,133
261,46,Male,91,65,12,89,0.05122429640431325,No,164
262,20,Female,69,29,12,125,0.49651542223060485,Yes,131
263,37,Female,58,50,20,136,0.12331849107529225,No,91
264,53,Female,72,98,13,86,0.40097032668835175,Yes,165
265,36,Female,119,13,20,23,0.3507097879920843,Yes,168
266,43,Female,118,1,9,134,0.7728400834265033,No,91
267,20,Female,85,34,7,16,0.8031705116327311,Yes,80
268,36,Female,39,93,4,85,0.153412882389088,Yes,141
269,37,Male,67,48,19,78,0.3665511873792262,Yes,70
270,49,Male,126,77,22,102,0.3733531610318317,Yes,178
271,24,Female,109,48,19,10,0.15141044393608505,Yes,64
272,69,Male,28,49,6,140,0.7984535050511905,No,51
273,58,Male,103,64,27,129,0.7072283283354233,Yes,29
274,50,Female,122,61,13,55,0.19038178629703473,Yes,184
275,57,Male,72,29,11,15,0.36672190859379905,No,98
276,56,Male,125,39,13,131,0.10580502485651422,No,157
277,35,Male,122,88,13,144,0.6282065970930439,No,97
278,57,Male,56,26,28,77,0.12137192454861967,Yes,41
279,18,Male,66,17,25,6,0.9859341686249178,Yes,138
280,28,Female,127,71,22,12,0.7806820746878623,Yes,26
281,45,Female,54,13,28,143,0.39023854958399506,Yes,151
282,42,Female,13,69,20,128,0.5785639322793544,No,166
283,67,Male,56,26,15,57,0.9113418162164088,No,71
284,40,Female,56,49,21,14,0.5540992803958261,Yes,17
285,48,Male,87,67,13,116,0.17449848639795518,Yes,76
286,47,Male,133,7,22,12,0.3787033555811593,Yes,44
287,59,Male,84,58,11,40,0.8431448650297454,Yes,114
288,52,Male,112,49,19,110,0.6442130159896179,No,86
289,24,Female,146,53,8,18,0.6507243843338003,No,139
290,33,Female,99,65,20,90,0.8668214856884892,Yes,176
291,43,Male,78,62,8,153,0.8939730574625047,No,158
292,65,Female,70,17,10,54,0.9197925717794363,Yes,91
293,69,Male,147,43,26,171,0.0948491932531561,Yes,21
294,66,Female,59,25,16,24,0.5441260019631009,No,171
295,19,Female,12,3,19,91,0.7405095212183186,Yes,91
296,18,Male,116,79,26,139,0.7569268451270138,No,191
297,65,Female,122,29,23,141,0.6067162019700039,Yes,76
298,29,Male,103,32,11,133,0.16678733518367417,No,24
299,22,Female,127,26,13,158,0.7974205539416643,Yes,107
300,54,Male,90,16,28,170,0.7201113335149457,No,178
301,49,Male,118,25,9,42,0.08613577154903629,Yes,134
302,26,Female,60,54,20,48,0.46380982467437626,Yes,108
303,58,Female,44,28,24,90,0.17397739952180358,No,133
304,52,Male,55,73,19,48,0.3374770457129719,Yes,23
305,36,Female,78,56,16,78,0.018081092205685434,No,18
306,65,Female,102,65,7,123,0.40032986841075824,No,82
307,33,Male,73,93,19,126,0.5498769211562105,Yes,114
308,20,Male,58,86,12,138,0.6195825928270868,Yes,8
309,37,Female,83,80,15,149,0.6634903451287101,Yes,111
310,41,Male,14,41,23,55,0.83629131310246,Yes,163
311,50,Male,109,51,14,42,0.21546290727573003,No,101
312,41,Male,79,71,11,156,0.12048182243846794,Yes,167
313,69,Female,99,78,26,55,0.8515371718979257,Yes,151
314,28,Female,13,29,10,14,0.1566128148926499,Yes,47
315,66,Male,135,83,27,124,0.9747600813361953,No,190
316,25,Female,48,19,11,153,0.842538229398637,Yes,68
317,53,Male,138,66,6,74,0.5008766058895991,No,180
318,55,Female,33,41,2,89,0.9814214249220252,Yes,181
319,57,Male,66,45,11,61,0.09737672910800421,No,169
320,37,Male,109,15,19,130,0.30306576117510164,Yes,118
321,52,Female,79,3,6,43,0.6382244150406114,Yes,44
322,65,Male,50,11,14,37,0.35000686847317874,No,124
323,42,Female,69,53,20,22,0.9283725519807918,Yes,13
324,52,Female,117,46,6,61,0.06562608817781757,Yes,156
325,42,Male,66,30,17,100,0.5494118320609646,Yes,133
326,46,Male,40,57,10,52,0.5908662673951145,No,134
327,35,Female,93,18,28,46,0.6527281237772241,Yes,36
328,63,Male,45,51,1,31,0.25566622333181444,No,52
329,35,Male,117,48,3,78,0.36456642751986446,No,17
330,19,Male,115,66,8,114,0.8436805296649776,No,37
331,52,Male,95,96,8,174,0.19494276897015983,Yes,186
332,33,Male,144,8,27,36,0.826867847173362,No,128
333,58,Female,23,22,20,30,0.5626554229027424,No,195
334,53,Female,129,6,22,29,0.7621875111940821,Yes,43
335,50,Male,147,76,15,79,0.7136073662634715,No,46
336,21,Male,89,57,24,27,0.207511495384879,No,34
337,50,Male,115,36,7,61,0.5688127364338729,Yes,59
338,31,Female,79,79,11,130,0.8677231528050924,Yes,89
339,38,Male,53,92,7,91,0.43211623680192934,No,51
340,65,Female,82,57,29,35,0.9665907702233167,Yes,7
341,37,Female,54,49,4,68,0.45221510010171806,Yes,106
342,25,Female,116,45,25,37,0.14278563666788469,Yes,168
343,24,Male,93,82,12,6,0.38943468007767323,No,130
344,20,Female,91,66,26,22,0.9517024063905372,No,196
345,34,Male,116,77,6,179,0.31972084933985423,Yes,141
346,50,Female,30,45,14,165,0.8680981598670628,No,95
347,65,Male,16,79,12,88,0.8812506816818898,Yes,25
348,29,Female,79,20,11,39,0.35018652433196107,Yes,110
349,68,Male,136,64,19,118,0.08325765805063212,Yes,197
350,39,Female,129,93,21,150,0.7245579091588182,Yes,122
351,39,Male,137,93,5,114,0.311512299013986,Yes,185
352,63,Male,66,67,14,92,0.7829236142575724,No,167
353,47,Male,67,83,21,76,0.4426548482604331,No,50
354,55,Male,30,3,24,129,0.48526674234262157,No,122
355,55,Female,91,54,16,34,0.7779094067485368,No,4
356,62,Female,78,78,25,176,0.3823633310616279,Yes,76
357,68,Male,140,64,13,57,0.44312734532291453,Yes,159
358,25,Female,96,40,25,142,0.37619046876962214,No,0
359,44,Male,58,59,29,91,0.36734051527727996,No,181
360,44,Male,124,55,22,143,0.5259465769014594,Yes,10
361,51,Female,98,62,22,168,0.8087994445011507,Yes,180
362,38,Male,94,4,25,165,0.36176831192256587,Yes,7
363,47,Male,137,60,20,179,0.5242547205377367,No,152
364,50,Female,149,75,22,17,0.6707273254426008,Yes,167
365,45,Male,126,95,4,44,0.269439446303655,Yes,31
366,64,Male,136,96,11,93,0.27752280490239256,No,27
367,50,Male,80,91,17,72,0.9334131270234548,No,130
368,22,Male,95,30,7,46,0.7235345733310886,No,127
369,65,Female,42,2,14,151,0.5771866762233089,Yes,61
370,36,Female,90,62,26,98,0.647720054420612,Yes,26
371,21,Female,70,49,11,23,0.029299443103418366,No,44
372,52,Male,70,9,28,27,0.6181029655616969,Yes,104
373,66,Male,107,92,22,58,0.5095088732242019,Yes,91
374,34,Female,37,31,9,69,0.5457496797794357,Yes,24
375,61,Male,52,98,23,144,0.3594238268308171,No,188
376,45,Male,95,61,13,28,0.08147389771294189,No,43
377,47,Male,26,79,23,38,0.19333923361205219,Yes,173
378,46,Male,107,48,18,57,0.9507447132126717,Yes,141
379,63,Female,107,25,28,140,0.40869956227093396,Yes,135
380,23,Female,74,36,11,22,0.46668315583086417,Yes,175
381,52,Female,83,8,15,61,0.05270978985343899,No,141
382,58,Male,94,73,25,116,0.03756622954398059,No,192
383,54,Female,14,58,26,9,0.7171814470467577,Yes,79
384,41,Female,11,45,25,158,0.5380946641211113,Yes,81
385,46,Male,31,62,22,162,0.5087059842162667,No,134
386,66,Male,121,39,29,17,0.24312453042266868,Yes,87
387,63,Female,66,96,19,87,0.7447507316299222,No,176
388,48,Female,75,58,1,33,0.16823657910849188,Yes,126
389,52,Female,83,81,4,7,0.18993474366102003,No,54
390,50,Female,107,99,14,94,0.46071217134827547,Yes,140
391,69,Male,121,83,14,108,0.2862798621119409,Yes,183
392,38,Female,134,64,3,127,0.24746298123314636,No,55
393,49,Female,95,44,28,80,0.6452376445533317,No,14
394,40,Male,85,29,17,134,0.6509717452185445,Yes,184
395,50,Female,97,59,3,112,0.8245170697999292,Yes,57
396,20,Male,47,71,16,160,0.41770856697297587,No,162
397,35,Male,68,92,14,86,0.07308509102615024,No,87
398,42,Male,147,9,20,81,0.2736663849214577,Yes,96
399,59,Female,108,92,29,6,0.9800054631968169,Yes,143
400,48,Female,72,6,13,131,0.5962585752327021,No,7
401,20,Male,58,29,15,139,0.7097370848010203,No,172
402,57,Female,41,58,14,30,0.007357829625414536,No,39
403,63,Female,144,17,24,92,0.5182057321825209,No,181
404,41,Male,30,16,25,20,0.03752865753180312,No,13
405,67,Male,29,87,19,155,0.569230212091448,Yes,186
406,49,Female,136,95,6,172,0.9207708496360754,Yes,52
407,64,Male,77,3,10,77,0.9684191305004078,No,126
408,39,Female,119,21,27,36,0.5405526753889242,Yes,154
409,40,Female,125,64,15,19,0.45820480525221596,Yes,174
410,19,Female,129,90,21,145,0.945017094248494,No,79
411,44,Female,88,36,22,9,0.6736098319966951,Yes,114
412,59,Male,125,86,20,78,0.06489927953840946,Yes,133
413,19,Male,101,62,26,56,0.46572557766749756,Yes,54
414,43,Male,23,42,6,81,0.2402450184643039,No,43
415,34,Male,134,76,23,173,0.46980432144868156,No,17
416,57,Female,67,42,25,114,0.45546557200636173,Yes,15
417,50,Female,37,61,10,147,0.582144802814742,Yes,11
418,26,Male,35,13,7,110,0.35677049034925123,Yes,147
419,60,Female,122,11,22,131,0.16427044945592806,Yes,44
420,65,Female,75,54,17,11,0.5037194345899563,Yes,191
421,56,Female,140,16,18,44,0.8302028843457621,Yes,186
422,46,Male,53,8,17,160,0.6640122280676023,No,92
423,59,Male,106,59,9,164,0.33836786592521584,Yes,21
424,43,Male,51,57,10,103,0.9355230227588572,Yes,96
425,52,Female,15,40,10,147,0.9122075712491822,No,46
426,67,Male,32,59,25,89,0.20934839938409877,Yes,28
427,42,Male,98,2,7,69,0.039417585120362975,Yes,44
428,41,Male,132,94,16,136,0.7413087083507622,Yes,76
429,30,Male,60,94,29,15,0.8276102613491533,Yes,8
430,24,Male,20,76,18,112,0.9678645659513553,No,23
431,53,Male,21,10,6,30,0.8898363940883107,Yes,14
432,62,Female,83,44,27,169,0.6005347682064148,No,163
433,37,Female,17,11,20,155,0.5300523392123808,Yes,12
434,18,Male,50,79,1,89,0.02784105126258629,Yes,90
435,25,Male,94,80,1,172,0.24665644684477783,No,171
436,63,Female,81,81,12,155,0.45961475173292643,Yes,100
437,33,Female,64,90,21,127,0.6285039000835678,No,70
438,31,Male,146,2,28,148,0.5572518333184107,No,199
439,29,Male,56,50,2,72,0.7426359896816905,No,121
440,68,Male,113,12,4,108,0.27976693088704085,Yes,75
441,40,Male,51,90,17,84,0.5649526076524732,Yes,163
442,32,Female,69,23,4,163,0.08814224339079213,Yes,115
443,45,Male,21,18,11,57,0.41366552358320696,Yes,60
444,51,Male,139,62,22,110,0.750160832954601,No,167
445,19,Male,16,96,26,157,0.693400853429044,Yes,125
446,49,Male,89,62,4,48,0.990642737172179,Yes,154
447,40,Female,140,38,1,144,0.277891125987756,No,0
448,39,Female,118,67,7,94,0.49818929917397914,No,161
449,68,Female,12,38,18,105,0.3295304137739967,Yes,67
450,42,Male,36,67,9,101,0.44060311405917474,No,87
451,39,Male,123,94,29,13,0.8569501298693881,No,20
452,39,Female,116,61,3,16,0.6842090751884866,No,160
453,66,Male,49,1,8,73,0.8824411913475817,No,134
454,69,Male,138,94,29,32,0.20351110833188646,No,192
455,59,Female,17,45,24,60,0.873361117841438,Yes,2
456,23,Female,110,96,19,103,0.05976227417838442,Yes,50
457,32,Female,133,28,4,114,0.8885992804371524,Yes,78
458,60,Female,116,21,18,81,0.3290737794607279,Yes,94
459,54,Male,110,13,20,107,0.3145876334140665,Yes,181
460,50,Male,13,27,27,110,0.5120885766986639,Yes,122
461,25,Female,119,7,11,113,0.9406901877232318,Yes,186
462,61,Male,28,22,27,116,0.04778136468140537,No,5
463,61,Female,41,74,14,62,0.3522309750707453,Yes,156
464,22,Female,146,53,25,82,0.8565719886833357,Yes,16
465,56,Male,21,79,18,79,0.39605447743546673,Yes,116
466,21,Female,148,79,28,46,0.199156897597067,No,59
467,23,Male,55,4,28,170,0.4247941813314118,Yes,149
468,62,Male,128,96,29,72,0.3855525014916693,Yes,151
469,49,Male,25,23,16,37,0.9154162014667034,No,124
470,69,Male,138,70,3,75,0.7619343757430971,Yes,80
471,47,Female,72,88,15,60,0.5051155557440064,Yes,84
472,64,Male,118,84,27,109,0.9883705667215711,No,50
473,52,Female,128,84,27,105,0.4652775312759233,Yes,177
474,57,Female,30,76,4,55,0.05823783082027523,No,138
475,69,Female,22,33,5,78,0.2622743218149849,Yes,183
476,33,Female,13,28,17,175,0.4360704802193126,Yes,70
477,30,Male,111,8,7,125,0.1569026241461201,Yes,169
478,67,Male,68,1,16,147,0.947565126324043,No,38
479,59,Female,137,37,14,170,0.7668488978177731,No,68
480,47,Female,36,63,26,147,0.26828720042777265,No,47
481,36,Male,78,22,16,9,0.5908045335179158,Yes,124
482,34,Female,34,70,7,87,0.721449157109572,Yes,56
483,36,Male,140,21,9,55,0.941278928906798,No,20
484,45,Female,106,96,4,14,0.8816353491754106,No,81
485,43,Male,34,35,22,144,0.5151922261382137,Yes,98
486,54,Female,135,79,11,8,0.7746526197930176,Yes,147
487,43,Female,142,5,2,99,0.562144753827585,Yes,14
488,40,Male,18,60,12,150,0.5527038900455401,Yes,68
489,26,Female,125,46,12,84,0.1147419583381919,No,178
490,29,Female,143,50,4,40,0.12613765801615207,Yes,75
491,18,Male,69,48,18,29,0.5295336150224574,Yes,61
492,18,Female,130,6,26,102,0.2688615449790066,Yes,118
493,64,Male,148,89,21,168,0.02103690246046863,Yes,36
494,51,Male,117,56,7,105,0.7228392039002123,Yes,133
495,49,Female,117,59,29,13,0.03248659669016496,Yes,198
496,65,Female,140,29,1,65,0.5952768411040545,Yes,25
497,42,Female,85,71,26,57,0.5391937941273144,No,7
498,57,Female,39,77,26,150,0.9688146905778044,No,3
499,62,Female,30,18,23,175,0.48421313934764165,No,20
500,18,Female,43,2,26,167,0.06360143637779736,Yes,158
501,33,Female,50,8,13,67,0.5516879678064617,No,148
502,56,Male,60,75,6,125,0.8410961706161014,Yes,24
503,22,Female,91,97,6,109,0.9968492842814399,Yes,142
504,39,Male,67,54,12,8,0.4303431736890725,Yes,162
505,46,Female,84,38,8,97,0.3202987424967425,Yes,176
506,20,Female,32,48,24,173,0.9066532969519989,No,42
507,29,Male,137,27,22,177,0.19124212907612137,Yes,168
508,43,Female,26,20,19,32,0.6154289150329266,Yes,36
509,33,Female,78,12,5,174,0.4057144241809477,No,184
510,68,Male,117,43,18,84,0.041082364955555284,No,41
511,54,Female,148,61,5,80,0.34728847430569776,No,174
512,39,Female,103,31,25,120,0.2652285225026746,Yes,91
513,46,Female,24,91,10,73,0.6860911539434869,No,60
514,31,Male,100,96,1,102,0.9487904976919181,Yes,141
515,45,Female,42,61,10,5,0.26804718737863775,Yes,67
516,22,Female,134,74,5,171,0.8114659391516817,No,52
517,64,Female,25,67,12,100,0.05535981693840952,No,83
518,66,Female,75,91,22,21,0.5381210100398132,No,33
519,47,Male,56,35,27,116,0.07055006370989458,Yes,75
520,63,Male,133,95,7,95,0.9340329911306393,Yes,96
521,69,Female,10,15,9,92,0.7663512805573902,Yes,151
522,22,Female,96,16,22,167,0.6579499112045923,Yes,147
523,29,Male,137,13,21,178,0.8238963816246643,Yes,196
524,33,Male,76,35,12,174,0.6475197955701631,Yes,29
525,43,Female,13,75,23,171,0.9689443971742911,No,87
526,43,Male,56,59,29,94,0.7139579478647715,Yes,6
527,65,Female,47,21,1,53,0.9246586095822468,No,35
528,38,Male,30,54,11,42,0.517131892010638,No,37
529,56,Male,66,75,21,155,0.11706441298186265,No,51
530,53,Male,126,30,15,154,0.5281777214230171,No,142
531,50,Male,55,48,2,136,0.1268728280630933,No,173
532,47,Female,48,35,20,63,0.592493479176405,Yes,150
533,54,Male,146,86,7,72,0.48249306052766294,Yes,139
534,40,Male,108,38,21,134,0.6225753978327817,Yes,171
535,27,Female,86,31,12,53,0.010046981054831594,Yes,142
536,22,Male,124,78,22,130,0.1948404916553641,No,92
537,53,Male,143,24,18,163,0.4913304319121309,No,106
538,51,Female,100,49,3,115,0.9505035615891348,No,125
539,69,Male,107,96,7,172,0.3836090403551584,Yes,48
540,48,Female,129,32,11,52,0.42437202605363467,Yes,20
541,27,Female,55,55,18,55,0.7146960890066222,Yes,14
542,36,Female,47,79,12,47,0.603792757286118,Yes,13
543,49,Female,109,58,6,102,0.29892615009833323,No,41
544,18,Male,81,99,5,128,0.4108163955674278,No,14
545,22,Female,44,3,26,84,0.21769979885723245,Yes,62
546,62,Male,39,80,1,115,0.9660214591302085,Yes,195
547,21,Male,87,69,12,147,0.13063438155735974,No,26
548,33,Male,93,85,27,31,0.37183678456641944,No,92
549,41,Male,122,10,26,162,0.02583897222001119,No,104
550,33,Male,34,83,11,168,0.2217794919335464,No,52
551,19,Male,97,25,4,117,0.7804711383801549,Yes,51
552,66,Male,23,68,27,90,0.20117523228887946,No,62
553,45,Male,111,61,18,118,0.0800634025289656,No,180
554,49,Male,92,29,4,128,0.4744531798445233,No,56
555,44,Male,119,19,17,53,0.009969234734518495,No,119
556,37,Female,140,43,2,80,0.08476615442633317,Yes,51
557,41,Female,28,66,29,59,0.8076258695629751,Yes,106
558,29,Female,37,74,24,60,0.7714733448596064,Yes,42
559,67,Male,80,61,22,99,0.915138820404896,Yes,134
560,52,Female,72,43,2,48,0.8545154359107495,Yes,116
561,50,Female,82,25,12,163,0.6831755632398181,Yes,169
562,50,Female,133,20,6,91,0.05233285730066284,No,3
563,68,Male,128,48,10,88,0.7828486179866575,No,196
564,60,Male,130,83,25,155,0.8455108108405605,No,132
565,54,Male,28,87,23,160,0.7990821457719545,No,79
566,29,Male,129,24,25,20,0.5084790353080261,Yes,40
567,20,Female,70,11,21,169,0.23290183864948166,No,131
568,18,Female,39,98,23,153,0.8453299756887267,Yes,1
569,50,Female,18,55,27,149,0.7271628097401385,No,194
570,57,Female,73,28,16,41,0.9807611743888516,No,148
571,27,Male,129,69,14,81,0.15569259775593292,No,197
572,60,Male,61,63,7,151,0.22566458305205506,Yes,42
573,61,Male,98,59,28,162,0.2117981498815027,No,81
574,46,Female,62,5,28,49,0.7925397676213367,Yes,107
575,30,Male,87,51,19,150,0.18690729645011817,Yes,196
576,29,Male,50,21,23,66,0.0666598298233061,No,136
577,48,Female,77,12,17,168,0.9985608065856286,Yes,155
578,63,Female,17,50,9,104,0.024817211445149145,Yes,25
579,19,Male,11,4,26,56,0.8352440601588657,No,81
580,68,Male,114,42,13,23,0.3653668415506528,No,82
581,67,Male,134,84,22,113,0.8416154597578153,No,130
582,52,Male,119,38,5,48,0.554620491211145,No,72
583,40,Male,95,25,23,11,0.9016312294863601,No,99
584,34,Male,129,14,5,176,0.9261929864146267,No,48
585,43,Female,136,75,10,121,0.009098181280775997,Yes,144
586,25,Female,25,32,21,72,0.07541217599278827,No,62
587,46,Female,71,11,27,38,0.2503587295708555,No,54
588,43,Male,122,61,10,73,0.6693154163635017,Yes,150
589,27,Female,21,18,27,59,0.888272196511506,No,33
590,43,Male,44,27,7,14,0.45994195129396276,Yes,104
591,51,Male,20,55,26,46,0.6069731162742654,No,104
592,68,Female,73,54,15,45,0.18849985279556114,No,68
593,58,Male,59,82,7,126,0.8049668338816853,Yes,14
594,24,Male,78,87,29,142,0.9673281113534697,No,174
595,21,Female,57,75,27,14,0.26859893291459747,Yes,2
596,67,Female,29,21,15,106,0.4948259516005463,No,155
597,62,Female,110,44,3,132,0.0861161105063738,No,2
598,28,Male,146,5,19,153,0.5591366564629684,Yes,101
599,46,Female,77,87,10,140,0.5027834418466806,No,3
600,53,Female,44,41,28,96,0.1444364841550776,No,87
601,42,Male,74,59,29,117,0.44206621311807504,Yes,158
602,38,Female,17,89,15,82,0.33410465208656326,No,44
603,53,Female,54,54,3,89,0.5218308753051893,Yes,186
604,27,Female,96,74,6,34,0.5856543354287992,No,44
605,54,Male,85,22,12,53,0.008495578607209509,Yes,74
606,26,Male,85,83,15,13,0.7610059829495553,No,164
607,41,Male,56,65,6,149,0.7130142918617408,Yes,192
608,52,Male,24,64,13,73,0.3662863862065222,Yes,8
609,66,Female,114,71,29,62,0.05293593556881826,No,144
610,52,Male,35,4,19,66,0.7549325397850504,No,117
611,65,Male,61,65,3,56,0.9551751604781324,Yes,64
612,53,Female,102,15,8,44,0.2401515960220142,No,130
613,35,Female,30,76,8,170,0.3235246137370379,Yes,25
614,66,Female,60,22,23,175,0.18381288948181496,No,180
615,56,Male,47,86,26,67,0.5769361233448397,No,158
616,49,Male,29,47,20,151,0.15484139464745494,Yes,25
617,41,Male,141,81,15,54,0.35619394346137945,Yes,22
618,40,Female,64,93,4,165,0.697013013934263,No,29
619,49,Female,101,46,19,145,0.5601159830093484,No,9
620,54,Male,37,14,21,82,0.38646256432793524,No,71
621,29,Female,13,50,3,101,0.4202496018075419,No,63
622,66,Female,85,20,13,47,0.5621108826232295,No,149
623,30,Female,76,50,8,40,0.005864727887161303,Yes,142
624,40,Male,95,33,23,126,0.07850986845360985,No,122
625,42,Female,100,59,16,112,0.8812580677630116,No,104
626,52,Female,114,43,13,14,0.07787898909129076,Yes,183
627,58,Male,10,79,3,99,0.7068035962105051,Yes,73
628,47,Male,81,12,16,10,0.9200381641090526,Yes,147
629,34,Female,96,40,9,61,0.2706836043017311,No,104
630,66,Female,15,20,28,133,0.37049143705951426,Yes,46
631,37,Male,70,94,14,75,0.5689214058447163,Yes,86
632,65,Male,21,38,13,25,0.8817089696385847,Yes,52
633,42,Female,15,3,21,96,0.9419055872604202,Yes,180
634,39,Female,36,28,25,131,0.7395632481112681,No,128
635,30,Female,145,56,7,84,0.08661976085469403,No,1
636,36,Female,133,90,15,60,0.6691541555348508,No,57
637,66,Male,115,94,7,120,0.41030372187266206,Yes,146
638,53,Female,102,13,6,152,0.4707009994910616,Yes,189
639,29,Female,118,77,2,29,0.04914839034517704,Yes,71
640,58,Male,108,66,9,160,0.19106213934635818,Yes,139
641,36,Female,44,37,22,9,0.7905136075336477,Yes,153
642,29,Male,93,49,24,124,0.4539588330478598,Yes,26
643,26,Female,65,66,17,25,0.30166224163114885,No,28
644,24,Female,58,36,5,22,0.38401907396495816,No,14
645,45,Male,55,54,12,179,0.8543995133256802,Yes,173
646,31,Male,122,26,1,61,0.7489990174049569,No,128
647,48,Female,145,75,10,97,0.2723153971810828,Yes,59
648,69,Female,52,72,11,23,0.11750184021237331,Yes,106
649,36,Female,133,40,16,132,0.2519982216440717,No,184
650,64,Male,106,43,14,101,0.9207564510547337,Yes,2
651,33,Female,99,22,8,135,0.5815888378497553,No,114
652,22,Male,48,20,24,174,0.5334802087447829,Yes,145
653,52,Male,94,8,17,25,0.5963935996924615,Yes,51
654,29,Female,71,29,25,44,0.36602826574651526,No,59
655,42,Male,115,40,18,71,0.8071070203195128,Yes,33
656,69,Female,116,90,12,157,0.5232862493002498,Yes,95
657,38,Female,63,30,25,131,0.11674790276879554,Yes,88
658,53,Female,135,81,17,59,0.12906512482906296,No,59
659,40,Female,18,84,28,176,0.5368591465026183,Yes,153
660,33,Female,97,55,26,113,0.9365702180708392,Yes,199
661,56,Male,46,16,14,102,0.30835212167619874,Yes,18
662,62,Male,58,46,16,116,0.8695411688592183,No,110
663,59,Female,50,62,14,119,0.7640955865788793,No,21
664,56,Female,26,7,9,121,0.24781244290690685,No,160
665,31,Male,97,80,4,91,0.036340748316242455,No,165
666,48,Male,30,45,25,85,0.10184726514238274,No,127
667,22,Male,60,59,23,70,0.7284939338474402,Yes,34
668,52,Male,68,56,11,23,0.1996697380406467,No,106
669,40,Female,50,48,6,139,0.3712709205053938,No,127
670,46,Female,48,27,15,122,0.5016991660064248,Yes,194
671,60,Male,20,53,5,46,0.7254681684501628,No,82
672,28,Female,148,87,11,46,0.11323122325912538,Yes,137
673,35,Male,86,88,25,63,0.4063664052774615,No,142
674,64,Female,136,73,18,24,0.4850729091426954,Yes,138
675,29,Male,55,35,13,77,0.5408270639715397,Yes,110
676,26,Female,54,51,11,21,0.8183606413952167,No,89
677,27,Male,10,84,14,31,0.1716781950432169,No,23
678,61,Male,117,37,28,179,0.8078314518266223,Yes,76
679,34,Female,28,81,18,6,0.6928784276966522,Yes,100
680,55,Male,85,95,27,67,0.5558708141989593,Yes,131
681,24,Female,81,57,28,66,0.6995278704025719,Yes,12
682,63,Female,118,8,25,104,0.4120177389516564,Yes,184
683,30,Male,21,79,28,23,0.13839758596812457,Yes,97
684,57,Female,54,95,19,21,0.6657652402653673,Yes,119
685,59,Female,99,94,24,73,0.5246723066856223,No,36
686,26,Female,112,20,27,171,0.6393748005427755,Yes,47
687,67,Female,17,53,15,121,0.33799878102849,No,198
688,44,Female,100,12,9,85,0.9068665773398359,No,0
689,19,Male,96,49,8,43,0.5873698685755769,Yes,59
690,22,Female,93,17,20,40,0.08540248429087383,Yes,139
691,46,Female,91,64,28,172,0.44980399070442867,No,148
692,54,Female,77,42,1,177,0.7563560547436343,Yes,138
693,55,Female,136,94,4,136,0.7941345617322724,Yes,43
694,36,Female,91,29,14,157,0.49459705276375876,No,114
695,25,Male,93,19,25,162,0.8947475708313011,No,185
696,65,Female,122,11,2,33,0.26766843719429756,No,107
697,62,Male,85,98,16,55,0.4105986972382666,Yes,43
698,18,Male,131,50,3,156,0.8985969105689701,Yes,77
699,39,Male,50,71,26,18,0.8962567164715789,No,161
700,69,Male,11,58,8,73,0.6857127688246809,Yes,24
701,34,Female,38,34,6,150,0.8589805471222202,No,131
702,24,Male,114,20,16,174,0.08877326695623267,Yes,191
703,42,Male,60,50,24,61,0.8649949762077763,No,115
704,62,Female,84,88,16,16,0.32061990655022676,Yes,118
705,21,Female,19,10,7,21,0.17833151242821632,No,143
706,53,Female,60,32,13,34,0.23936983634204634,Yes,9
707,23,Male,127,52,13,92,0.4179685080138871,Yes,108
708,48,Female,130,15,5,103,0.2511920046044672,No,193
709,36,Female,48,84,25,27,0.32056758601649904,Yes,34
710,61,Male,37,3,20,133,0.1349784860716421,Yes,133
711,56,Female,12,37,22,83,0.2961767655589985,No,18
712,44,Female,93,40,18,36,0.5722838145420012,Yes,186
713,27,Female,126,72,15,13,0.44185370809106395,Yes,180
714,43,Female,11,40,18,19,0.34671876123591117,Yes,7
715,36,Male,102,56,2,160,0.746452128857114,No,9
716,56,Female,140,23,10,156,0.8935099713933179,No,194
717,20,Female,103,11,23,167,0.756789222902397,No,165
718,62,Male,49,64,13,31,0.3320007021176792,No,28
719,30,Female,11,8,18,113,0.7444421678375537,No,14
720,67,Male,90,93,15,80,0.1519801824740512,Yes,86
721,45,Female,21,94,12,152,0.13031798809129091,Yes,22
722,37,Male,74,56,15,69,0.34562703703615894,No,45
723,45,Male,64,60,13,113,0.807702369044057,Yes,27
724,25,Male,54,10,18,133,0.24634824724230187,Yes,25
725,58,Male,110,39,15,14,0.06325340889867959,Yes,9
726,56,Female,71,28,25,51,0.1317095352063551,Yes,174
727,18,Male,58,49,23,127,0.8587449685295802,No,3
728,20,Female,136,36,11,63,0.6337832847472876,No,54
729,30,Male,32,13,19,100,0.25320116336997667,Yes,65
730,45,Male,47,96,3,107,0.5552958253281813,Yes,66
731,66,Male,37,36,7,128,0.5275796224253504,No,134
732,42,Female,30,26,21,90,0.6554359784406613,Yes,54
733,50,Male,116,86,26,150,0.23318755442161632,Yes,30
734,55,Female,108,4,14,116,0.8644029871943977,Yes,73
735,23,Female,128,95,14,178,0.30936856208001284,No,18
736,61,Female,82,82,22,164,0.6941316539762369,No,155
737,62,Female,131,64,13,31,0.01612464637221489,Yes,80
738,49,Female,39,38,12,22,0.37265712989414723,Yes,155
739,62,Female,117,88,24,171,0.3517098179588083,Yes,146
740,64,Female,107,87,9,86,0.5434844285830145,Yes,86
741,38,Female,41,22,1,176,0.0727362617771965,Yes,19
742,33,Female,88,2,19,76,0.7901313737261083,Yes,12
743,38,Male,50,31,11,58,0.21778080176756853,No,76
744,28,Male,72,11,23,166,0.6770378148820102,No,42
745,54,Male,32,92,22,75,0.8032121232440932,Yes,138
746,53,Male,113,46,23,168,0.5618769562415131,No,175
747,52,Male,84,96,24,150,0.7408832067219855,Yes,142
748,36,Female,57,62,22,42,0.6618603122150055,Yes,144
749,37,Female,66,69,19,141,0.3555297971520076,No,181
750,35,Female,127,64,18,39,0.8088585390335653,No,49
751,64,Female,109,10,12,86,0.294701369885528,Yes,27
752,58,Female,133,40,23,137,0.5712129177515172,Yes,3
753,66,Female,43,24,28,146,0.7453977391415395,No,21
754,31,Female,16,99,28,162,0.3789559098125076,No,118
755,32,Male,65,44,28,8,0.30276760761742505,Yes,100
756,48,Male,74,60,27,171,0.4593460101728227,Yes,38
757,18,Male,56,62,1,157,0.8179634943491536,Yes,33
758,20,Male,28,87,19,160,0.9299217631456648,No,96
759,33,Female,135,17,28,154,0.5450834128598901,Yes,43
760,40,Female,148,65,27,163,0.6614662053236519,No,169
761,28,Female,58,95,20,27,0.9032736222389142,Yes,39
762,29,Male,122,95,29,52,0.0985468514129424,No,96
763,27,Female,47,57,17,152,0.23207857786616504,No,139
764,49,Female,73,55,5,129,0.7089000062515824,No,129
765,33,Female,78,53,26,170,0.8237444619122997,No,155
766,25,Male,145,56,3,59,0.8570290283305779,Yes,73
767,55,Female,125,98,2,72,0.4151071768549326,No,85
768,29,Male,74,9,3,92,0.08933990229186684,No,89
769,41,Male,40,22,8,5,0.4377814772996199,No,66
770,45,Male,141,13,16,139,0.23073459020705378,Yes,198
771,25,Male,122,89,6,99,0.29119645499662417,Yes,199
772,45,Female,118,48,13,144,0.7722675568375058,Yes,75
773,53,Male,78,18,23,110,0.07552708602588687,Yes,91
774,43,Male,129,76,28,137,0.8275812174807021,Yes,9
775,25,Female,97,40,22,112,0.42766908582416907,Yes,85
776,67,Female,76,17,22,46,0.5960639311005951,No,101
777,45,Male,84,15,16,106,0.089652231235679,No,184
778,45,Female,54,15,28,128,0.33735907835727963,No,107
779,54,Male,13,79,16,144,0.08970091901484578,Yes,164
780,58,Male,116,63,3,107,0.9615437228811096,No,90
781,53,Male,60,39,28,150,0.8072616493262504,No,191
782,44,Male,59,13,13,78,0.4596327543564602,Yes,78
783,34,Female,15,81,14,112,0.2236025483236711,No,85
784,26,Male,68,32,8,126,0.9334551052498522,Yes,106
785,50,Female,134,9,12,21,0.34459659572697177,No,167
786,37,Female,39,40,23,75,0.16098443168737475,Yes,100
787,30,Female,131,20,23,66,0.5631643884539549,Yes,107
788,45,Female,134,90,22,45,0.9437741203448161,Yes,59
789,65,Male,46,91,21,123,0.003830290500322575,No,47
790,46,Female,133,85,26,166,0.23812484325399874,No,116
791,30,Male,110,82,8,49,0.9384476404104076,Yes,105
792,63,Female,44,77,21,62,0.17108596685716204,Yes,146
793,52,Female,96,80,25,130,0.11324345163981986,No,199
794,23,Male,143,73,9,166,0.5701872157998045,No,32
795,35,Male,27,63,1,48,0.8618438232948299,Yes,43
796,68,Male,122,76,6,19,0.47710981769392613,No,164
797,22,Female,38,44,23,82,0.9945642566845248,No,111
798,64,Female,86,38,19,74,0.6791716995379928,No,88
799,42,Male,68,83,23,105,0.07407490721044774,Yes,35
800,19,Male,135,60,11,164,0.9928321316819754,Yes,80
801,27,Male,118,71,11,7,0.40789423678019043,No,87
802,47,Male,31,99,23,90,0.28740253384548253,Yes,148
803,67,Female,77,48,13,78,0.5578791835778856,No,129
804,62,Male,78,18,11,55,0.3043075918208643,No,30
805,22,Male,58,16,18,71,0.08645750712015232,Yes,107
806,50,Male,118,55,23,80,0.0014283430791767193,Yes,29
807,18,Male,95,39,15,97,0.4495833529202623,Yes,171
808,35,Female,62,68,1,149,0.8368634222265923,No,11
809,49,Male,132,59,21,11,0.5723151856300766,No,50
810,64,Female,96,89,25,17,0.9992072989434408,Yes,120
811,66,Male,140,96,7,124,0.28684664564719997,Yes,176
812,28,Male,51,62,23,70,0.28045506476005533,Yes,151
813,38,Female,107,13,27,8,0.1597494602339442,No,151
814,43,Male,118,81,13,142,0.16406358826533518,No,187
815,42,Female,60,6,12,92,0.2851865960100478,No,138
816,39,Female,94,83,18,21,0.7928400452735271,Yes,12
817,44,Male,136,77,24,56,0.9057567906364479,Yes,90
818,66,Female,30,60,19,138,0.9750871697076813,No,199
819,30,Female,53,90,15,73,0.23228965409645264,Yes,73
820,50,Female,148,14,8,141,0.8812975456140917,Yes,199
821,51,Female,112,95,19,25,0.32825508927733704,Yes,191
822,58,Female,77,54,10,28,0.11284054451688441,Yes,19
823,52,Female,138,4,7,8,0.8700249255201656,No,71
824,18,Female,101,39,18,156,0.6361056346436186,Yes,72
825,38,Female,33,72,16,7,0.16473089608106173,No,70
826,65,Male,134,25,20,72,0.42983125751300255,No,77
827,23,Male,120,77,27,105,0.28725769487706765,Yes,27
828,45,Female,107,32,6,172,0.736794568710197,No,129
829,34,Male,148,59,27,58,0.45341623062426806,No,120
830,22,Female,26,63,9,39,0.989279945106385,Yes,42
831,48,Female,108,38,21,60,0.05474498225959512,No,7
832,22,Male,91,92,13,112,0.3550152661362467,No,12
833,55,Female,113,53,25,44,0.4819001671099774,No,110
834,20,Female,28,94,21,72,0.5031335547483198,No,34
835,40,Female,94,67,26,50,0.3159358223856368,No,22
836,54,Female,17,28,8,82,0.729240249097568,No,45
837,54,Male,37,3,16,145,0.8747470734889747,No,14
838,27,Female,14,98,13,159,0.938719301977863,No,129
839,27,Female,110,80,13,10,0.8050933767995262,Yes,60
840,36,Female,127,22,17,21,0.8505801973065994,Yes,114
841,34,Male,73,96,23,168,0.5505453006199955,Yes,63
842,38,Female,100,38,20,103,0.8258882264268146,No,51
843,31,Male,126,72,5,85,0.3035039091479522,No,163
844,26,Male,107,72,22,6,0.3984787621092144,No,194
845,63,Female,20,62,21,81,0.3169130138185443,Yes,68
846,18,Female,63,57,28,70,0.46738733544792543,Yes,66
847,68,Male,56,6,17,56,0.28557961623863637,Yes,174
848,62,Female,149,78,28,96,0.9616114422544468,No,82
849,30,Male,148,32,9,175,0.31284462800566815,Yes,1
850,21,Male,14,99,2,26,0.09804453811093983,Yes,171
851,18,Female,29,10,25,115,0.5268171660504134,No,191
852,66,Female,55,3,26,111,0.057099078445176366,Yes,77
853,57,Male,21,59,18,71,0.11054316630858052,No,27
854,49,Male,79,76,9,144,0.2193893891962463,Yes,53
855,51,Male,26,49,6,73,0.4643502498821417,No,66
856,45,Male,124,59,11,88,0.4332509323090279,No,163
857,48,Female,57,31,25,107,0.7996918620027912,No,101
858,25,Female,117,93,29,43,0.7394746538841134,No,119
859,56,Female,61,69,6,17,0.4263182939907013,No,190
860,43,Female,105,62,6,45,0.3337042075756299,Yes,152
861,51,Female,79,52,13,61,0.3164687840614986,No,47
862,20,Male,111,89,11,16,0.773995087294009,No,166
863,67,Female,84,41,14,17,0.05207240622126974,No,46
864,29,Female,91,31,2,124,0.012821649510605826,No,20
865,18,Female,101,85,8,101,0.795544391926648,Yes,157
866,61,Female,13,84,3,61,0.4771463759890493,No,91
867,22,Female,144,22,23,44,0.13088113855357597,Yes,158
868,47,Male,118,4,21,122,0.23556593459450126,No,120
869,47,Male,57,13,3,84,0.9325039530973825,No,115
870,34,Male,82,45,1,132,0.859502975624898,Yes,153
871,65,Female,81,42,24,177,0.7097850502239725,Yes,149
872,64,Male,125,49,19,39,0.48222523033732656,Yes,148
873,40,Male,90,20,18,7,0.5203236261913857,No,0
874,32,Female,90,77,17,124,0.9752445352839586,Yes,164
875,54,Female,122,81,20,9,0.9657704438842871,No,76
876,38,Female,105,54,29,15,0.21526904578583428,Yes,84
877,31,Male,81,36,24,130,0.8111045663053181,Yes,45
878,19,Male,72,97,13,75,0.1972426661670168,No,136
879,28,Female,47,1,3,121,0.2135374778839514,Yes,144
880,68,Female,76,15,1,142,0.6760930341645768,Yes,46
881,56,Male,78,77,4,110,0.4050010985875484,No,58
882,55,Male,22,17,25,120,0.9315444071065202,No,53
883,51,Female,40,24,13,166,0.08900973489600883,No,85
884,55,Female,123,58,17,71,0.511525640809493,Yes,11
885,67,Male,31,72,28,35,0.9185215304431212,Yes,191
886,51,Female,102,91,11,79,0.9041136604795051,Yes,5
887,35,Male,76,23,2,75,0.15652921341574122,Yes,52
888,47,Male,63,46,25,70,0.36663770009645646,Yes,143
889,32,Male,147,72,16,74,0.6191214000466962,No,89
890,44,Male,51,8,2,45,0.15939488477140218,Yes,4
891,68,Female,73,59,29,164,0.9680221720457387,No,72
892,51,Female,135,90,19,24,0.9147493287276603,Yes,173
893,69,Male,30,59,23,157,0.16695017903446918,No,13
894,55,Male,44,13,19,144,0.12115546126098542,Yes,171
895,50,Male,39,39,25,43,0.0854084828082653,Yes,190
896,41,Male,66,28,16,149,0.9094436640366311,No,105
897,32,Male,56,89,22,49,0.1936238097954608,Yes,51
898,47,Female,28,61,19,143,0.4162849285443547,No,115
899,59,Female,123,16,9,74,0.448851365652003,Yes,25
900,68,Female,17,2,1,129,0.5990110442135675,Yes,52
901,34,Female,35,82,10,155,0.07173534374742496,No,108
902,22,Male,122,17,19,95,0.22675861740051595,Yes,28
903,46,Male,80,30,1,74,0.931490386918926,No,18
904,21,Male,39,13,2,170,0.9084101072685695,Yes,46
905,27,Male,144,96,16,134,0.7812906474056922,Yes,135
906,34,Male,76,93,12,88,0.019401245618215435,Yes,22
907,27,Female,74,94,8,93,0.3270067684961021,Yes,116
908,34,Male,45,82,23,83,0.6279587353429078,Yes,105
909,37,Female,34,13,18,117,0.2751902117734757,Yes,162
910,41,Female,46,43,2,97,0.9095866950537773,Yes,52
911,22,Female,10,85,25,76,0.6338894618324419,No,95
912,51,Female,46,94,29,169,0.0719067173164456,Yes,185
913,23,Male,145,21,13,53,0.909005588835703,Yes,4
914,19,Female,142,55,6,56,0.9577666581762225,Yes,15
915,30,Female,137,81,21,37,0.07771241839172549,No,16
916,60,Female,136,40,26,26,0.5323602348613149,No,159
917,60,Male,10,83,6,118,0.30336428221417044,Yes,101
918,65,Male,44,15,9,137,0.39283907648140237,Yes,179
919,28,Male,113,73,16,22,0.1796512179553419,Yes,19
920,68,Female,32,52,11,170,0.5780721020124125,No,111
921,64,Female,18,74,7,122,0.9579793532488906,Yes,119
922,40,Male,43,95,10,121,0.503072600271609,No,193
923,33,Female,137,53,10,41,0.08291458139448116,Yes,110
924,48,Male,13,87,25,68,0.6200013334774084,No,0
925,28,Male,111,52,20,142,0.34022299445125703,No,57
926,33,Female,84,30,18,83,0.8559251895912978,Yes,92
927,25,Female,108,33,28,174,0.4346781483164702,Yes,171
928,21,Female,81,57,24,127,0.1928396089422456,Yes,5
929,57,Female,12,52,20,48,0.19110562269114495,Yes,107
930,21,Male,43,9,29,86,0.7687641807211604,Yes,102
931,42,Male,54,54,9,91,0.2655875983073599,Yes,49
932,20,Male,70,1,15,20,0.767233394159223,Yes,117
933,49,Male,92,44,4,58,0.20588731076659939,No,109
934,20,Male,132,99,8,106,0.3216863687013094,Yes,199
935,44,Female,111,75,9,167,0.4654869724396994,Yes,87
936,46,Male,25,98,13,102,0.9431958496934507,No,19
937,49,Male,75,80,9,160,0.9317314247538246,Yes,13
938,67,Male,128,9,26,6,0.2068718754222878,Yes,132
939,68,Female,133,32,4,98,0.3582190412430728,Yes,168
940,36,Female,111,15,17,145,0.14939938845377232,Yes,39
941,38,Female,75,12,16,173,0.5099850793134971,No,33
942,22,Female,22,97,15,63,0.4605825506946666,No,123
943,35,Male,120,78,3,73,0.9007601624507324,Yes,44
944,45,Male,43,57,25,123,0.9300053777910726,Yes,198
945,59,Female,48,8,20,96,0.3835673910072921,No,79
946,39,Female,145,72,5,49,0.49173794301898943,Yes,70
947,38,Male,129,27,23,152,0.8962362491461331,No,154
948,23,Male,135,62,5,28,0.8067078077450615,No,77
949,18,Female,64,12,20,95,0.0036563113446492768,No,77
950,22,Female,36,65,15,98,0.3200595641835825,Yes,171
951,58,Female,127,42,18,62,0.4217742419361259,Yes,32
952,29,Female,62,62,15,159,0.22971628368323171,Yes,32
953,43,Male,48,11,2,158,0.19957161589593875,No,43
954,63,Male,74,43,29,132,0.03778450659567967,Yes,19
955,51,Male,22,95,13,11,0.6433697250697605,Yes,110
956,66,Female,30,17,4,174,0.26251029048316565,No,163
957,31,Female,62,97,10,51,0.05234717843131309,Yes,6
958,43,Male,28,32,13,57,0.23097931052806364,Yes,159
959,62,Male,66,93,10,42,0.8019139528361265,Yes,194
960,44,Male,34,85,29,57,0.8514891816465466,No,166
961,26,Male,40,85,9,147,0.48306624519330266,Yes,23
962,43,Female,90,40,8,158,0.41607067040868617,No,69
963,64,Male,32,23,3,52,0.9778536935017818,No,111
964,39,Male,41,56,16,99,0.2005646595880699,No,103
965,64,Male,83,6,14,151,0.21535928285460848,Yes,53
966,47,Male,19,86,9,141,0.29186717703639975,Yes,37
967,60,Male,63,50,21,68,0.1727573182810873,Yes,73
968,65,Male,61,37,11,97,0.3793655982041866,No,79
969,34,Male,123,64,3,129,0.9108342269897538,No,31
970,43,Female,23,54,5,43,0.6153478406285743,Yes,44
971,53,Female,119,72,29,8,0.41194654861226365,No,60
972,18,Female,62,49,10,130,0.9344107945712148,Yes,197
973,25,Female,88,99,13,7,0.04846423247582232,Yes,52
974,66,Male,31,11,4,68,0.21027617790186137,Yes,127
975,52,Female,39,88,24,33,0.565888605101759,Yes,178
976,69,Female,13,49,13,120,0.6155526231931792,Yes,75
977,32,Male,68,21,12,15,0.03955750656261314,Yes,183
978,64,Male,17,66,5,101,0.4030387579071322,Yes,26
979,39,Female,21,63,10,106,0.6491539648308727,No,165
980,31,Female,128,83,28,159,0.6980705464034016,Yes,61
981,43,Male,43,28,24,25,0.6381399025162693,No,17
982,45,Female,91,17,9,43,0.32056322436092455,No,126
983,40,Male,107,6,20,106,0.09352012359790951,Yes,108
984,31,Male,136,19,7,50,0.4271124464193341,No,102
985,41,Male,84,56,2,70,0.12875443736805547,No,191
986,19,Male,114,28,22,95,0.9476236585206671,No,76
987,62,Female,58,66,24,168,0.47517086602262826,Yes,116
988,43,Male,88,38,28,115,0.31725917435686757,Yes,103
989,31,Male,102,37,23,86,0.7663040711189001,Yes,157
990,68,Female,27,68,7,127,0.49794859258226387,Yes,48
991,24,Male,105,86,8,103,0.31003402401245006,Yes,168
992,20,Female,47,90,7,39,0.8119677423908017,No,115
993,64,Female,96,49,21,163,0.867152151001122,No,140
994,40,Female,97,43,23,160,0.673008166288677,Yes,161
995,63,Male,59,36,29,107,0.046964422407667294,No,99
996,60,Female,17,58,14,133,0.5663228801665321,No,124
997,64,Female,143,13,26,29,0.7632949119972816,No,24
998,62,Male,78,52,19,47,0.13650301208358218,No,193
999,35,Female,130,58,5,88,0.22867075138460335,Yes,127
1000,55,Female,73,32,23,55,0.8824951050681364,Yes,99
1001,52,Female,148,81,25,134,0.020121721853074037,Yes,145
1002,68,Female,130,60,18,130,0.752727137825976,No,4
1003,32,Female,74,83,20,73,0.4737732925144229,No,18
1004,42,Male,116,58,12,13,0.44677215883960686,Yes,169
1005,54,Female,146,99,23,6,0.0070965324948871755,Yes,17
1006,45,Female,109,56,17,166,0.8193982309664928,No,120
1007,27,Male,91,28,13,163,0.35982490063656647,Yes,31
1008,56,Male,60,1,2,14,0.5407656313005429,Yes,148
1009,34,Male,92,42,25,118,0.6773006863356594,No,9
1010,56,Female,121,82,13,80,0.7026295764379158,No,36
1011,39,Male,65,48,26,168,0.9559800588260723,Yes,176
1012,43,Female,69,40,7,89,0.5313399532366091,No,85
1013,61,Female,129,97,28,53,0.3997195509744276,Yes,12
1014,42,Male,147,63,10,74,0.9537036264917079,No,182
1015,34,Male,32,76,23,135,0.6421102350255211,No,144
1016,30,Female,22,72,6,137,0.2981503562765556,Yes,8
1017,37,Male,110,88,3,94,0.12646424540357115,No,87
1018,42,Female,33,80,26,30,0.8425545014651813,Yes,171
1019,21,Male,117,4,3,76,0.36218160279415157,No,45
1020,27,Male,20,38,18,9,0.6604697213644312,Yes,135
1021,20,Male,26,27,11,19,0.47081641936589813,No,118
1022,58,Female,34,9,22,127,0.19892977979503834,No,164
1023,62,Male,103,16,20,148,0.6016866086204651,Yes,18
1024,35,Female,30,56,5,5,0.06068306895068232,No,190
1025,64,Female,93,76,19,148,0.4133424598711922,Yes,173
1026,53,Female,149,31,22,169,0.546614939663671,No,93
1027,64,Female,46,88,27,7,0.43604697411857907,No,198
1028,39,Male,51,14,28,51,0.7486721752509908,Yes,25
1029,51,Female,110,25,19,99,0.8279249545453125,No,45
1030,64,Female,57,34,15,17,0.771243074033178,No,117
1031,25,Male,112,67,16,124,0.03881294781180211,Yes,45
1032,57,Female,37,24,24,59,0.1941287704459722,No,13
1033,66,Male,50,73,9,153,0.5366075092637743,Yes,84
1034,61,Female,108,26,4,70,0.9348220404438012,Yes,62
1035,36,Male,56,20,15,159,0.8349567750521169,Yes,71
1036,59,Female,114,64,25,170,0.8425345083518017,No,2
1037,58,Male,133,10,12,94,0.3032081937596749,No,27
1038,54,Female,22,83,23,66,0.42944789707870257,Yes,124
1039,23,Female,109,67,3,106,0.4707059473159374,No,156
1040,69,Male,40,24,23,178,0.15737158334991042,Yes,86
1041,43,Male,139,5,14,143,0.031068130244456316,No,145
1042,51,Male,25,67,17,12,0.9469028994605169,Yes,162
1043,62,Male,146,58,19,101,0.24071258566350673,Yes,76
1044,23,Female,82,27,6,121,0.2399489037236313,No,75
1045,54,Female,63,80,4,68,0.08337905376875954,Yes,174
1046,50,Male,109,15,7,25,0.9285077519437785,Yes,113
1047,39,Female,118,35,19,119,0.579737114939772,No,132
1048,38,Male,96,76,17,89,0.6670368571253539,Yes,74
1049,23,Male,146,53,25,24,0.9115768872630525,Yes,58
1050,23,Female,17,44,16,12,0.3456201689007895,No,58
1051,65,Female,16,26,15,62,0.6215073111380841,Yes,46
1052,21,Female,45,47,22,50,0.03879945472888746,Yes,94
1053,47,Female,27,34,8,35,0.18677252823112933,Yes,140
1054,28,Female,12,87,19,97,0.8312458050899425,Yes,77
1055,47,Female,37,95,8,13,0.7667683563383357,Yes,112
1056,48,Female,79,50,18,19,0.3506426914571469,Yes,108
1057,41,Male,37,84,28,98,0.3768106277742125,Yes,105
1058,26,Male,63,12,16,158,0.5335544335535795,Yes,88
1059,20,Male,74,87,20,142,0.0002410046851345493,No,32
1060,68,Male,109,4,19,33,0.24124433603802786,Yes,96
1061,48,Male,30,87,10,84,0.20823180860821444,Yes,189
1062,57,Female,22,48,17,40,0.25048294674976346,No,78
1063,54,Male,66,55,13,88,0.8059058425334413,Yes,15
1064,53,Male,58,1,13,113,0.27967385654644317,Yes,43
1065,41,Male,127,89,7,122,0.19152132205014816,Yes,185
1066,48,Male,63,66,27,41,0.5042634607930315,Yes,119
1067,23,Male,147,30,10,90,0.8656450363727319,Yes,133
1068,19,Male,62,3,2,75,0.24134970383749987,Yes,107
1069,37,Male,53,21,4,155,0.0785362427927987,No,142
1070,45,Female,56,89,25,173,0.3564047358496647,No,3
1071,28,Female,62,84,6,97,0.7476518245649778,No,55
1072,21,Male,83,49,24,84,0.5506905446947946,No,63
1073,32,Female,55,86,18,106,0.8167933695743474,No,195
1074,23,Female,22,85,23,160,0.959592147609234,Yes,161
1075,66,Female,111,62,6,170,0.792662476751617,Yes,94
1076,47,Female,33,97,29,163,0.6038030788437534,Yes,55
1077,55,Male,11,38,25,18,0.4933415880523805,Yes,31
1078,68,Female,90,15,23,121,0.04006908634826667,Yes,115
1079,19,Female,109,52,17,77,0.9843219788140413,No,8
1080,32,Female,147,79,14,95,0.3834811225750425,No,190
1081,28,Male,140,46,24,94,0.1522282139168668,Yes,104
1082,25,Male,120,25,11,33,0.6667088553964567,Yes,199
1083,43,Male,111,21,26,53,0.28428828909545933,Yes,77
1084,68,Male,26,88,19,175,0.5857782709310476,No,160
1085,62,Male,21,5,2,76,0.5867679078445912,No,86
1086,61,Male,125,70,28,137,0.44572982090286917,Yes,20
1087,22,Male,33,47,3,46,0.8361186155450426,No,54
1088,23,Female,38,87,11,139,0.26496706155544303,Yes,75
1089,43,Female,131,68,6,46,0.44863259161773417,No,184
1090,21,Female,99,91,29,168,0.5376921285909715,No,129
1091,36,Male,74,18,14,109,0.6636247207672996,Yes,140
1092,37,Male,93,21,19,31,0.7839718505055895,No,125
1093,50,Male,128,92,26,62,0.39480728287825606,No,131
1094,37,Male,25,99,16,50,0.646046944096596,Yes,83
1095,66,Male,113,86,21,70,0.15061095306851913,No,177
1096,29,Female,101,23,22,29,0.9326481005424786,Yes,114
1097,64,Female,36,64,24,77,0.38305880642100354,No,47
1098,18,Male,143,67,7,121,0.7295214219764384,Yes,122
1099,43,Male,144,40,27,159,0.020341081882177647,Yes,77
1100,31,Male,42,10,8,133,0.205187142904807,No,29
1101,55,Male,64,89,19,91,0.487082544323578,No,28
1102,54,Female,16,52,20,78,0.8782524677323466,Yes,135
1103,28,Male,66,72,16,174,0.5272551499506771,No,139
1104,53,Male,135,75,22,157,0.929870482293879,No,40
1105,30,Male,21,61,27,129,0.48379689658279634,No,25
1106,60,Male,25,64,7,71,0.49044909673594994,Yes,49
1107,20,Female,52,5,9,10,0.11974678850053189,Yes,1
1108,50,Male,126,53,13,129,0.8026562441522198,Yes,54
1109,23,Male,144,55,1,62,0.2469654124670625,No,103
1110,67,Female,120,37,29,74,0.8996124893723151,No,183
1111,27,Female,60,56,8,57,0.9108242203303961,Yes,13
1112,22,Female,84,59,24,70,0.9433101118741497,Yes,133
1113,40,Male,17,93,22,62,0.52023048910309,No,127
1114,27,Male,54,69,4,86,0.6770937847836443,No,103
1115,61,Female,68,73,3,91,0.7785158800616635,No,94
1116,19,Female,141,59,27,6,0.1310146186504656,No,80
1117,30,Female,113,2,3,154,0.6009571949974972,Yes,60
1118,57,Female,107,65,22,41,0.03429790130331167,No,11
1119,19,Female,88,60,13,152,0.4975660833887259,No,12
1120,37,Female,133,51,8,107,0.1548426816202274,Yes,146
1121,18,Male,13,30,7,28,0.1829229259620847,Yes,171
1122,54,Male,99,11,27,116,0.3650475666926015,No,88
1123,26,Male,113,92,1,69,0.432437166716503,Yes,94
1124,34,Female,146,76,27,133,0.6231724245321872,No,58
1125,26,Female,128,39,16,121,0.07442841843851566,No,36
1126,28,Female,142,90,6,120,0.5036917612374446,Yes,24
1127,32,Female,65,77,7,109,0.18262513025310112,Yes,15
1128,41,Female,105,72,12,7,0.5739751750317419,No,165
1129,55,Female,84,63,23,50,0.6374046122611835,Yes,170
1130,52,Male,41,64,9,59,0.5567092565528539,No,86
1131,47,Male,37,61,27,79,0.7382955104783077,No,141
1132,48,Female,31,54,11,49,0.3356092442409013,No,133
1133,66,Male,26,92,10,158,0.7651065916331309,Yes,22
1134,22,Female,68,94,21,81,0.43276708170819367,No,125
1135,61,Male,99,73,1,28,0.4841844983225968,No,59
1136,67,Female,115,95,18,39,0.6481021272610714,No,139
1137,31,Female,35,58,4,28,0.01835838399922396,Yes,140
1138,28,Male,34,85,5,32,0.6539942214202483,No,99
1139,26,Male,147,56,9,20,0.6185851490721154,No,102
1140,51,Female,54,34,27,63,0.3098471167532799,No,133
1141,29,Female,92,31,17,148,0.08579428489948948,Yes,62
1142,52,Male,20,52,3,19,0.09093544991304114,No,37
1143,52,Male,113,89,16,15,0.9232237469852286,No,127
1144,18,Female,77,76,5,83,0.6892793212258371,Yes,49
1145,57,Male,104,1,16,119,0.1271026137707404,Yes,179
1146,39,Female,74,55,3,72,0.35672316930890635,No,39
1147,46,Female,58,22,20,47,0.5924829939015964,No,7
1148,25,Female,61,40,15,73,0.8355717050906487,No,188
1149,28,Female,111,1,3,145,0.04366092871300853,Yes,7
1150,58,Male,66,65,20,142,0.23663313147000886,Yes,103
1151,54,Male,56,63,14,79,0.88974899029538,No,33
1152,31,Male,35,54,16,107,0.009165550183816484,Yes,187
1153,47,Male,123,42,29,45,0.2013991027938874,No,56
1154,52,Male,14,21,29,63,0.959024175972966,No,173
1155,38,Male,93,79,17,43,0.6134018465221711,Yes,21
1156,54,Male,61,81,28,7,0.26167136663750645,No,86
1157,22,Female,114,22,24,11,0.0669910943958476,Yes,39
1158,36,Male,63,38,20,53,0.028191340447222157,Yes,172
1159,31,Male,24,99,23,30,0.24474507963692727,No,182
1160,43,Female,70,80,18,165,0.8814858195889105,Yes,178
1161,21,Male,131,8,18,105,0.4159136542975095,No,85
1162,42,Male,30,62,22,83,0.720333369165993,Yes,132
1163,62,Female,55,47,14,6,0.9182850353799578,No,94
1164,59,Male,143,17,18,131,0.4080404616028166,No,12
1165,42,Male,47,17,15,164,0.19127737103739706,No,27
1166,35,Male,71,90,15,136,0.5171179308569195,Yes,83
1167,57,Female,95,13,6,24,0.9080836870598544,No,61
1168,25,Male,87,17,27,121,0.8043744141377006,Yes,92
1169,56,Male,55,38,15,168,0.06582984336315378,Yes,86
1170,57,Female,12,81,18,36,0.6925728000775818,Yes,23
1171,31,Male,15,78,4,32,0.5718975224589538,Yes,97
1172,49,Female,102,45,23,81,0.9074631763464255,Yes,6
1173,68,Female,17,6,8,5,0.12248141685029723,No,165
1174,55,Male,117,35,15,60,0.5340361132046566,Yes,36
1175,50,Female,84,14,3,39,0.8794626935118923,No,67
1176,40,Female,86,72,15,116,0.410023786741743,No,169
1177,32,Male,59,61,13,34,0.48199491773286707,Yes,85
1178,50,Female,20,15,9,58,0.0704606776669583,No,132
1179,42,Female,104,54,2,40,0.2781436404489108,No,191
1180,34,Male,79,27,24,84,0.32450664916894734,Yes,177
1181,50,Male,25,13,8,62,0.9451224487448869,No,86
1182,64,Male,77,31,29,87,0.28266736054115904,Yes,14
1183,19,Female,108,35,20,69,0.460868735269652,Yes,122
1184,31,Male,57,60,17,73,0.6713044235642798,Yes,106
1185,57,Female,73,6,13,132,0.1621833724078774,No,180
1186,57,Female,99,69,1,55,0.4864423871418745,No,152
1187,68,Female,85,86,2,26,0.7385390394759076,No,88
1188,56,Female,148,58,15,111,0.866855213027066,No,124
1189,68,Female,110,49,12,113,0.6262592746624267,Yes,112
1190,23,Female,98,23,14,120,0.6690535153169479,Yes,136
1191,23,Female,27,89,25,105,0.12628347258456896,No,165
1192,20,Male,28,34,29,104,0.9457764972463472,Yes,149
1193,24,Male,64,26,2,168,0.13257407748448236,No,106
1194,68,Female,111,47,18,72,0.7746729371817983,Yes,86
1195,25,Female,127,5,22,40,0.2648163217783188,Yes,176
1196,59,Male,143,90,7,173,0.9335931437012516,Yes,67
1197,69,Female,13,20,29,150,0.7199595393694795,Yes,14
1198,32,Male,117,6,23,26,0.753813712978369,Yes,64
1199,64,Male,124,70,29,70,0.21905917305988332,No,53
1200,46,Male,38,59,25,25,0.4430399766351608,No,157
1201,50,Female,68,64,6,104,0.6178131945892864,Yes,92
1202,69,Female,134,18,14,132,0.7699736182066009,No,19
1203,47,Male,107,4,8,48,0.10395937591238957,Yes,32
1204,56,Male,26,17,27,107,0.9623653164545284,Yes,99
1205,44,Male,116,14,22,51,0.890220670554556,Yes,76
1206,53,Male,52,78,2,43,0.27034859049558435,Yes,134
1207,46,Male,89,13,17,33,0.822760243032332,No,135
1208,55,Female,17,7,5,58,0.5183239230398234,Yes,155
1209,50,Male,115,44,14,94,0.46180648156201864,No,172
1210,54,Female,17,15,25,89,0.3144341058114054,Yes,106
1211,44,Male,105,19,24,21,0.5809685866315925,Yes,119
1212,50,Female,103,63,29,84,0.7298891177035978,No,73
1213,21,Female,74,35,20,163,0.41093290496275825,Yes,10
1214,39,Female,48,81,21,77,0.6292191930082921,Yes,30
1215,19,Female,90,35,29,53,0.6993129211553037,No,11
1216,27,Female,93,19,21,105,0.7111218170152859,No,123
1217,22,Female,97,20,22,6,0.05196609813118025,No,77
1218,27,Male,95,35,3,146,0.8597478056850669,Yes,178
1219,50,Female,102,32,5,63,0.45825331476504794,Yes,171
1220,55,Male,95,48,16,101,0.26241608169621444,No,95
1221,30,Female,53,44,18,103,0.2417645074796816,No,49
1222,48,Female,146,24,26,107,0.48301411284395046,Yes,116
1223,64,Male,83,61,17,6,0.8868315394689592,Yes,16
1224,53,Female,45,17,11,45,0.3783475816826469,No,162
1225,62,Male,110,71,17,127,0.7497257467835433,No,128
1226,41,Male,113,50,16,86,0.0968187309872186,No,156
1227,69,Male,75,65,26,148,0.4760567021510618,No,178
1228,32,Male,64,99,23,136,0.9916861403927356,Yes,63
1229,46,Female,100,32,2,144,0.770437802792337,Yes,131
1230,25,Female,31,36,4,33,0.210528488440613,Yes,86
1231,22,Male,110,13,21,139,0.5014414736979107,Yes,155
1232,46,Female,130,70,7,18,0.23362476364856655,No,15
1233,64,Female,102,58,2,16,0.40956092726250926,Yes,62
1234,21,Male,117,14,6,103,0.7800840237349648,No,75
1235,29,Female,19,37,17,137,0.7712248152904037,Yes,180
1236,62,Male,18,79,7,85,0.22810037790238513,Yes,84
1237,19,Male,43,68,25,110,0.9222233181548601,Yes,108
1238,44,Female,138,40,5,36,0.5925681827648268,No,16
1239,48,Female,98,59,5,78,0.3799242909620145,Yes,167
1240,68,Female,102,80,20,175,0.5019355807808606,No,140
1241,68,Male,80,92,16,85,0.6050712534377437,No,179
1242,53,Male,76,16,19,73,0.5598905318457854,Yes,57
1243,53,Female,126,62,9,49,0.4864050355361782,No,164
1244,43,Female,103,4,5,110,0.5049328040894001,Yes,78
1245,60,Female,108,45,8,141,0.17641191042788618,No,60
1246,44,Female,122,90,9,165,0.8127329043046794,Yes,112
1247,22,Male,112,28,5,104,0.5417603199410154,No,120
1248,37,Female,100,96,10,150,0.1310798617047031,No,33
1249,28,Male,99,66,25,13,0.7661571015827779,Yes,69
1250,27,Male,26,31,2,66,0.9324439783773508,Yes,16
1251,57,Female,27,3,9,33,0.9473068992369621,Yes,19
1252,55,Female,125,8,11,129,0.36901773241117275,Yes,58
1253,23,Female,102,24,4,118,0.13551687356075404,No,68
1254,25,Male,100,15,22,157,0.5183996266330652,No,160
1255,40,Female,91,43,22,147,0.11260922934922069,No,101
1256,64,Female,77,31,22,138,0.9339874185126172,No,119
1257,43,Male,123,73,2,124,0.183579627355146,Yes,144
1258,63,Female,10,45,23,174,0.2527658599511641,No,56
1259,60,Male,67,66,29,161,0.40663652688497043,Yes,82
1260,29,Female,118,8,6,83,0.3831644685591258,No,128
1261,43,Male,125,71,27,97,0.794662892397889,Yes,12
1262,30,Female,96,57,14,8,0.45631682055096234,Yes,154
1263,57,Female,19,80,1,86,0.1707682600033369,Yes,197
1264,35,Male,68,99,18,176,0.2672098954860741,Yes,186
1265,42,Male,50,30,7,79,0.509113385187522,Yes,5
1266,50,Female,114,74,1,18,0.1474539174261349,No,96
1267,64,Male,142,18,1,135,0.6116556756460141,Yes,93
1268,57,Male,131,69,1,118,0.5657473065511459,No,109
1269,60,Male,31,93,24,66,0.7147023163822577,No,150
1270,29,Male,107,39,4,110,0.9377046153793677,Yes,137
1271,61,Female,77,60,4,68,0.9122545611011557,No,50
1272,53,Female,148,98,29,106,0.9460756180688313,No,146
1273,65,Male,65,43,18,177,0.24471559702370094,No,50
1274,21,Male,108,45,27,110,0.13156530663935462,Yes,86
1275,22,Male,85,23,11,24,0.3022767004964485,Yes,67
1276,54,Male,35,69,27,62,0.8950851727663146,Yes,83
1277,25,Female,124,94,1,116,0.9720534746234882,Yes,41
1278,59,Female,118,6,28,61,0.859324951070476,No,56
1279,66,Male,56,56,10,123,0.1100177211275436,No,195
1280,45,Male,80,4,9,101,0.9474279980597932,No,165
1281,48,Male,49,93,23,96,0.423358027350786,No,61
1282,26,Female,142,23,4,56,0.009310290762353679,No,6
1283,68,Male,141,6,28,41,0.4423937407481936,No,111
1284,46,Female,32,32,6,12,0.04606916967546759,Yes,198
1285,31,Male,115,18,16,48,0.5438779211611176,No,177
1286,57,Female,93,15,2,102,0.3385540274370513,No,179
1287,58,Male,125,40,23,137,0.47343493359404876,No,25
1288,39,Female,118,96,18,122,0.613170360743117,Yes,153
1289,28,Male,145,73,10,73,0.8688010958178203,No,18
1290,40,Male,50,74,24,163,0.6619015764719286,No,8
1291,18,Male,121,84,24,49,0.4340488684781807,Yes,60
1292,63,Female,121,6,17,141,0.8194278536703651,No,19
1293,54,Male,112,63,13,36,0.9055821375731322,Yes,105
1294,38,Female,55,67,24,37,0.11975996643219722,Yes,49
1295,43,Female,77,11,18,130,0.5319329775527915,No,80
1296,63,Male,131,43,22,71,0.28451195974244414,No,149
1297,53,Male,24,17,13,34,0.0470611978769474,Yes,140
1298,40,Male,138,96,17,118,0.6685466951139853,No,139
1299,18,Female,120,4,5,33,0.8627707774592256,No,9
1300,68,Male,33,63,11,135,0.16290265447739405,Yes,64
1301,57,Female,36,68,7,34,0.8124136576239005,Yes,157
1302,32,Female,49,81,29,141,0.8533957335369416,No,7
1303,38,Male,33,41,10,158,0.9143404426664835,Yes,148
1304,64,Male,33,83,17,134,0.2652850890860524,No,21
1305,26,Male,13,5,15,66,0.9039530651898893,No,17
1306,26,Male,76,32,18,7,0.32066275473643224,No,193
1307,27,Male,43,86,23,178,0.5523380134555028,No,175
1308,69,Male,125,70,22,72,0.05050747083228213,Yes,171
1309,43,Female,32,35,19,29,0.043881088368743604,No,8
1310,58,Female,118,22,26,145,0.7203732127322029,Yes,194
1311,52,Female,78,65,2,48,0.44447997797779104,No,53
1312,69,Male,104,84,26,167,0.25629237536921756,No,25
1313,42,Female,71,22,4,59,0.1904134960249102,Yes,93
1314,43,Female,66,11,3,141,0.6699534908592181,No,99
1315,28,Female,63,77,7,134,0.00040154402533987277,Yes,25
1316,55,Female,79,3,24,45,0.8058911691968542,Yes,33
1317,19,Female,110,9,18,176,0.07924960612992882,No,7
1318,24,Male,66,60,10,68,0.19148961490811944,No,137
1319,35,Male,147,76,7,35,0.3862363952990896,No,47
1320,44,Female,144,87,8,51,0.4848587397161036,No,182
1321,51,Female,112,14,6,134,0.35499511581394183,Yes,106
1322,44,Female,94,97,22,100,0.3207121649842939,No,53
1323,34,Male,70,18,26,81,0.9639160120731884,No,167
1324,60,Male,12,73,1,114,0.6415796812433943,No,118
1325,61,Female,137,23,4,73,0.02343295536738821,No,142
1326,68,Male,95,74,14,62,0.4301759084443132,No,80
1327,41,Male,56,83,17,110,0.8750086997439702,Yes,145
1328,42,Female,85,47,20,48,0.30145618641066796,No,95
1329,24,Male,47,69,18,78,0.09455634477438823,Yes,101
1330,69,Male,96,47,11,60,0.7583847715899178,No,150
1331,23,Female,67,87,29,175,0.6060138319360813,No,61
1332,41,Male,59,30,21,131,0.5703125078265039,No,45
1333,50,Male,39,25,26,166,0.053576559607407925,Yes,86
1334,66,Female,110,28,14,34,0.14049900979551733,No,98
1335,46,Male,34,98,9,75,0.6225493962131138,Yes,38
1336,60,Male,121,25,27,122,0.2078238414588358,Yes,142
1337,39,Female,135,74,15,59,0.5040700797484243,No,52
1338,43,Female,132,78,12,71,0.5448816860293935,Yes,191
1339,45,Female,56,58,10,145,0.2835071902709394,No,190
1340,67,Male,127,94,19,7,0.9484251555414929,No,79
1341,38,Female,48,41,24,30,0.8424641068355752,Yes,15
1342,66,Male,25,25,19,61,0.7223735076327985,No,103
1343,24,Female,31,78,6,130,0.07799386640940908,No,69
1344,34,Male,63,99,20,156,0.10613001930901944,Yes,193
1345,37,Female,25,48,24,57,0.4927813458649557,Yes,140
1346,58,Female,68,98,27,47,0.16071334919098568,Yes,107
1347,66,Female,40,10,6,53,0.9782654635294741,Yes,46
1348,37,Female,41,99,8,46,0.15852023402740945,Yes,8
1349,39,Male,18,75,1,15,0.487467835463974,Yes,190
1350,45,Female,148,11,22,107,0.3641210568415054,No,33
1351,57,Female,19,85,17,102,0.639386421454098,Yes,156
1352,66,Male,26,21,17,150,0.12903640888942491,Yes,164
1353,24,Female,77,86,24,89,0.4303164280423909,No,170
1354,18,Male,57,45,15,104,0.27470503280714365,No,85
1355,49,Female,120,7,7,108,0.887751524671688,Yes,114
1356,30,Female,132,81,19,50,0.040585712134695084,Yes,63
1357,47,Female,110,64,22,48,0.9137274940064593,No,151
1358,40,Male,111,64,25,26,0.8329941385530004,Yes,198
1359,68,Female,74,2,23,118,0.29757071644081545,Yes,33
1360,36,Female,60,76,28,129,0.7892906546771047,No,175
1361,49,Female,45,42,3,128,0.03121356033874756,Yes,11
1362,47,Male,90,82,29,34,0.9668655502933936,No,150
1363,46,Male,136,54,22,12,0.5265949425897893,Yes,96
1364,66,Female,97,75,11,102,0.30328102606544527,No,120
1365,62,Male,113,16,20,61,0.3625832125946771,No,140
1366,46,Female,24,18,29,115,0.06640535346049736,No,86
1367,47,Female,105,99,19,77,0.9893495140420392,Yes,101
1368,33,Female,132,59,9,119,0.03929194515069245,No,95
1369,57,Female,10,90,10,24,0.654907123147859,Yes,172
1370,36,Female,131,16,2,29,0.4427359277064583,No,113
1371,35,Female,135,6,1,23,0.9489162181887151,No,192
1372,18,Female,66,57,16,9,0.24599974030679517,No,46
1373,31,Male,90,47,18,79,0.5320868239380113,Yes,57
1374,68,Male,82,48,23,132,0.48235620858275297,Yes,132
1375,64,Male,79,42,26,76,0.7028664440501013,No,120
1376,67,Male,15,76,17,159,0.06801023195242051,Yes,117
1377,19,Male,93,60,6,44,0.19378913002335485,Yes,4
1378,45,Male,61,77,14,30,0.21456482009284983,Yes,187
1379,66,Male,12,4,23,31,0.7381507548416897,No,95
1380,67,Female,90,2,25,87,0.18913869632674007,Yes,20
1381,47,Female,72,90,15,132,0.5734917638909767,No,151
1382,55,Female,58,59,14,174,0.2152438205009537,No,127
1383,68,Female,85,27,24,161,0.8616249500839784,No,123
1384,21,Male,121,27,22,171,0.9421854544896385,Yes,145
1385,18,Male,118,79,3,173,0.5184929749422404,No,20
1386,25,Female,74,72,24,37,0.3523088842091783,Yes,53
1387,46,Female,90,7,23,101,0.23405777501749914,Yes,137
1388,56,Male,24,63,19,115,0.049781001523043766,No,151
1389,20,Female,109,46,25,20,0.2685000761974954,No,103
1390,49,Female,41,63,12,27,0.6542357799453179,No,110
1391,27,Female,105,12,2,139,0.5336169313092108,Yes,115
1392,27,Female,137,13,3,30,0.9440412782809274,Yes,187
1393,36,Male,122,43,18,100,0.3962772624917006,No,56
1394,63,Female,92,17,29,16,0.6938633423283945,No,127
1395,51,Female,52,63,1,76,0.4893227474751214,Yes,150
1396,50,Male,125,81,20,137,0.5125762159242117,Yes,149
1397,40,Male,87,36,21,110,0.2677743146041175,No,195
1398,45,Female,67,85,29,121,0.4549507768419997,Yes,161
1399,49,Male,42,8,6,30,0.47078499701270726,Yes,119
1400,67,Female,23,69,5,137,0.7066425217489339,Yes,69
1401,24,Female,141,90,1,26,0.9406399991861139,Yes,155
1402,46,Male,68,80,19,17,0.3293212774825043,Yes,94
1403,25,Female,92,36,1,160,0.042200468581298445,Yes,98
1404,18,Female,143,28,27,165,0.4962951255006397,No,166
1405,20,Female,130,93,21,111,0.5444613321491686,Yes,41
1406,41,Female,92,47,21,27,0.16844055113191525,No,150
1407,40,Male,36,76,16,101,0.7604646062760667,No,69
1408,25,Male,89,30,12,22,0.9849291084414916,Yes,1
1409,64,Female,143,23,27,121,0.9457747170084609,No,151
1410,54,Male,22,16,29,34,0.19710603882365219,No,144
1411,20,Female,73,14,22,30,0.8753632399007607,No,108
1412,68,Female,89,74,8,148,0.7044936364116847,Yes,64
1413,50,Female,132,71,26,43,0.4538465638069116,No,69
1414,45,Female,52,52,16,165,0.540610994324729,Yes,68
1415,64,Female,98,37,28,158,0.8496001749824581,No,120
1416,25,Male,104,29,1,170,0.48013493963837317,No,108
1417,51,Female,11,67,4,134,0.37320736910512686,No,59
1418,52,Male,129,15,10,117,0.4932474930259858,No,177
1419,49,Male,31,47,11,138,0.5791298040350491,Yes,92
1420,41,Female,124,46,17,50,0.18907765377834884,No,11
1421,31,Female,66,52,25,54,0.9009077302669907,No,102
1422,49,Female,81,19,27,170,0.6741869488296138,Yes,174
1423,63,Female,16,77,23,110,0.6332689173374889,Yes,194
1424,60,Female,128,21,7,150,0.09949622618063814,Yes,111
1425,33,Male,123,64,12,159,0.6041739381725918,No,64
1426,21,Female,25,37,21,173,0.12096066223849233,Yes,154
1427,69,Female,92,27,7,76,0.07869767519539905,Yes,47
1428,54,Male,81,55,12,78,0.5273108956423933,Yes,87
1429,38,Male,133,29,15,21,0.402785534046495,Yes,61
1430,31,Female,122,20,2,161,0.5888102701562232,Yes,43
1431,48,Male,21,25,14,74,0.0892221680572386,Yes,146
1432,65,Female,135,70,13,154,0.4309830628472584,No,186
1433,35,Male,62,63,4,10,0.17478671504515797,Yes,135
1434,24,Male,84,36,14,30,0.9871000859241166,No,54
1435,27,Female,142,2,14,171,0.5611502124351744,Yes,107
1436,24,Male,36,22,16,144,0.6874368609408673,Yes,46
1437,50,Male,149,96,7,103,0.3254182806826078,Yes,1
1438,40,Male,143,16,19,146,0.09473891477934415,No,112
1439,38,Male,106,18,2,26,0.9758708627835366,Yes,166
1440,36,Male,14,69,10,55,0.2862590353831832,Yes,172
1441,65,Male,66,54,18,155,0.4238081851735742,Yes,159
1442,36,Female,87,30,29,108,0.649863921702575,Yes,192
1443,53,Female,78,45,17,93,0.024697297686111286,No,165
1444,46,Male,127,19,5,145,0.8102591305172869,No,10
1445,35,Female,129,87,12,142,0.5365781900286203,No,137
1446,19,Female,68,34,6,13,0.27821718706882215,No,111
1447,18,Female,42,13,22,83,0.06160798529246925,No,186
1448,64,Male,71,43,9,56,0.16249841547444144,Yes,89
1449,22,Female,59,62,20,134,0.8950338588534369,Yes,54
1450,37,Male,121,93,1,157,0.686024223935891,Yes,147
1451,28,Female,28,22,22,17,0.24990172163688984,No,16
1452,59,Male,132,52,15,55,0.06560076494502953,Yes,67
1453,19,Male,56,52,21,38,0.6906153123866363,No,132
1454,20,Female,42,36,26,39,0.5724077259677651,Yes,187
1455,40,Female,93,73,6,135,0.404519524458235,No,150
1456,29,Male,144,19,19,124,0.36361144919006383,Yes,173
1457,37,Female,88,38,18,74,0.2168142759291083,Yes,51
1458,22,Female,23,70,6,151,0.6696112565375176,Yes,137
1459,54,Female,137,79,13,71,0.9706680277938705,Yes,173
1460,55,Male,63,57,1,107,0.17571524583682585,No,155
1461,47,Male,38,20,23,77,0.5971166200155034,Yes,96
1462,26,Female,33,9,23,120,0.4241850557459762,Yes,170
1463,51,Female,91,32,26,137,0.4466887217446649,Yes,153
1464,61,Female,72,4,13,71,0.2541472801278144,No,182
1465,52,Male,114,50,7,143,0.8251348756614191,Yes,47
1466,69,Male,66,82,15,125,0.4852556041472411,Yes,28
1467,39,Female,145,5,12,98,0.5434058521982641,Yes,26
1468,61,Female,71,20,27,133,0.30476091279732576,Yes,145
1469,41,Female,26,87,26,95,0.18180846566694975,Yes,103
1470,34,Female,75,75,1,96,0.08591038820282049,No,59
1471,27,Female,15,37,15,67,0.7141191409249159,No,105
1472,47,Female,67,22,4,33,0.19623428168785562,No,68
1473,63,Male,78,58,13,16,0.6900753541887977,Yes,113
1474,40,Female,71,68,23,81,0.3903764460469539,No,20
1475,49,Male,91,93,27,45,0.41577480098965147,Yes,151
1476,34,Female,80,44,25,134,0.4691774960927717,Yes,101
1477,67,Female,140,34,5,41,0.3677085081275432,Yes,130
1478,68,Male,19,77,29,177,0.10061997722259008,Yes,94
1479,34,Male,107,42,2,28,0.3096318100028458,No,189
1480,31,Male,98,9,23,103,0.6637343606939384,No,104
1481,26,Male,44,95,26,154,0.665784401468871,No,124
1482,57,Female,11,7,1,104,0.28622430723999437,Yes,1
1483,19,Male,133,68,16,143,0.46010262655768797,No,65
1484,62,Female,33,19,23,62,0.19344722801193748,No,112
1485,42,Male,83,94,6,178,0.21037208152983577,Yes,169
1486,56,Female,31,31,23,33,0.023047088406607408,No,161
1487,26,Female,48,35,16,167,0.8967465499077446,Yes,41
1488,39,Female,29,57,14,147,0.2107066650749062,No,19
1489,60,Female,50,85,29,64,0.22753387693646332,No,96
1490,63,Female,117,61,26,99,0.2796014326451318,No,67
1491,21,Female,93,31,3,46,0.127408071695429,Yes,172
1492,43,Male,120,83,15,47,0.6392628831813628,No,74
1493,46,Female,75,95,3,78,0.07514295317758657,No,124
1494,62,Male,62,53,23,164,0.13420242632635027,No,169
1495,51,Male,43,32,29,68,0.6447567265900929,No,46
1496,40,Female,76,66,2,6,0.33966062048144274,Yes,4
1497,54,Male,143,59,1,156,0.707947826701189,Yes,48
1498,28,Female,36,10,9,70,0.557424744670142,No,123
1499,23,Male,19,2,9,170,0.25602117306151306,No,36
1500,35,Female,82,66,23,35,0.6508279504893281,No,161
